date,precip_mm,source
2017-01-01,0.0,nasa_power
2017-01-02,0.0,nasa_power
2017-01-03,0.0,nasa_power
2017-01-04,0.0,nasa_power
2017-01-05,0.0,nasa_power
2017-01-06,2.04,nasa_power
2017-01-07,5.66,nasa_power
2017-01-08,10.07,nasa_power
2017-01-09,3.6,nasa_power
2017-01-10,1.44,nasa_power
2017-01-11,0.01,nasa_power
2017-01-12,0.04,nasa_power
2017-01-13,0.06,nasa_power
2017-01-14,0.02,nasa_power
2017-01-15,0.01,nasa_power
2017-01-16,0.0,nasa_power
2017-01-17,0.0,nasa_power
2017-01-18,0.0,nasa_power
2017-01-19,0.0,nasa_power
2017-01-20,0.0,nasa_power
2017-01-21,3.15,nasa_power
2017-01-22,4.19,nasa_power
2017-01-23,3.29,nasa_power
2017-01-24,0.52,nasa_power
2017-01-25,0.14,nasa_power
2017-01-26,0.16,nasa_power
2017-01-27,0.21,nasa_power
2017-01-28,0.27,nasa_power
2017-01-29,0.35,nasa_power
2017-01-30,0.87,nasa_power
2017-01-31,1.44,nasa_power
2017-02-01,6.33,nasa_power
2017-02-02,0.83,nasa_power
2017-02-03,2.29,nasa_power
2017-02-04,1.39,nasa_power
2017-02-05,0.19,nasa_power
2017-02-06,0.21,nasa_power
2017-02-07,0.23,nasa_power
2017-02-08,0.21,nasa_power
2017-02-09,0.25,nasa_power
2017-02-10,1.89,nasa_power
2017-02-11,2.32,nasa_power
2017-02-12,0.99,nasa_power
2017-02-13,2.57,nasa_power
2017-02-14,0.29,nasa_power
2017-02-15,0.0,nasa_power
2017-02-16,0.0,nasa_power
2017-02-17,0.0,nasa_power
2017-02-18,0.0,nasa_power
2017-02-19,0.0,nasa_power
2017-02-20,1.0,nasa_power
2017-02-21,0.68,nasa_power
2017-02-22,1.96,nasa_power
2017-02-23,3.14,nasa_power
2017-02-24,4.18,nasa_power
2017-02-25,5.44,nasa_power
2017-02-26,11.88,nasa_power
2017-02-27,0.94,nasa_power
2017-02-28,1.46,nasa_power
2017-03-01,2.18,nasa_power
2017-03-02,3.19,nasa_power
2017-03-03,5.48,nasa_power
2017-03-04,4.79,nasa_power
2017-03-05,6.73,nasa_power
2017-03-06,12.77,nasa_power
2017-03-07,7.27,nasa_power
2017-03-08,1.42,nasa_power
2017-03-09,4.41,nasa_power
2017-03-10,4.19,nasa_power
2017-03-11,3.94,nasa_power
2017-03-12,1.31,nasa_power
2017-03-13,0.61,nasa_power
2017-03-14,1.3,nasa_power
2017-03-15,0.26,nasa_power
2017-03-16,0.34,nasa_power
2017-03-17,0.51,nasa_power
2017-03-18,0.92,nasa_power
2017-03-19,0.79,nasa_power
2017-03-20,4.23,nasa_power
2017-03-21,12.03,nasa_power
2017-03-22,1.53,nasa_power
2017-03-23,8.29,nasa_power
2017-03-24,5.26,nasa_power
2017-03-25,2.24,nasa_power
2017-03-26,1.4,nasa_power
2017-03-27,5.18,nasa_power
2017-03-28,4.17,nasa_power
2017-03-29,5.35,nasa_power
2017-03-30,10.57,nasa_power
2017-03-31,1.69,nasa_power
2017-04-01,2.61,nasa_power
2017-04-02,2.23,nasa_power
2017-04-03,2.48,nasa_power
2017-04-04,0.78,nasa_power
2017-04-05,3.12,nasa_power
2017-04-06,7.73,nasa_power
2017-04-07,7.24,nasa_power
2017-04-08,9.41,nasa_power
2017-04-09,11.19,nasa_power
2017-04-10,2.03,nasa_power
2017-04-11,3.0,nasa_power
2017-04-12,6.92,nasa_power
2017-04-13,6.6,nasa_power
2017-04-14,3.35,nasa_power
2017-04-15,6.6,nasa_power
2017-04-16,12.23,nasa_power
2017-04-17,2.56,nasa_power
2017-04-18,5.89,nasa_power
2017-04-19,3.12,nasa_power
2017-04-20,7.46,nasa_power
2017-04-21,4.44,nasa_power
2017-04-22,0.83,nasa_power
2017-04-23,0.85,nasa_power
2017-04-24,3.95,nasa_power
2017-04-25,4.03,nasa_power
2017-04-26,0.82,nasa_power
2017-04-27,0.4,nasa_power
2017-04-28,0.68,nasa_power
2017-04-29,1.48,nasa_power
2017-04-30,0.26,nasa_power
2017-05-01,17.09,nasa_power
2017-05-02,5.14,nasa_power
2017-05-03,5.4,nasa_power
2017-05-04,20.16,nasa_power
2017-05-05,4.17,nasa_power
2017-05-06,1.09,nasa_power
2017-05-07,2.6,nasa_power
2017-05-08,2.97,nasa_power
2017-05-09,1.22,nasa_power
2017-05-10,2.07,nasa_power
2017-05-11,11.28,nasa_power
2017-05-12,8.13,nasa_power
2017-05-13,7.29,nasa_power
2017-05-14,12.39,nasa_power
2017-05-15,11.96,nasa_power
2017-05-16,15.49,nasa_power
2017-05-17,17.33,nasa_power
2017-05-18,11.69,nasa_power
2017-05-19,6.58,nasa_power
2017-05-20,14.72,nasa_power
2017-05-21,5.82,nasa_power
2017-05-22,7.44,nasa_power
2017-05-23,9.74,nasa_power
2017-05-24,15.85,nasa_power
2017-05-25,13.59,nasa_power
2017-05-26,3.88,nasa_power
2017-05-27,0.72,nasa_power
2017-05-28,2.42,nasa_power
2017-05-29,2.85,nasa_power
2017-05-30,4.95,nasa_power
2017-05-31,6.67,nasa_power
2017-06-01,0.72,nasa_power
2017-06-02,6.11,nasa_power
2017-06-03,42.73,nasa_power
2017-06-04,24.84,nasa_power
2017-06-05,6.59,nasa_power
2017-06-06,5.36,nasa_power
2017-06-07,2.4,nasa_power
2017-06-08,2.8,nasa_power
2017-06-09,3.4,nasa_power
2017-06-10,14.0,nasa_power
2017-06-11,11.82,nasa_power
2017-06-12,14.0,nasa_power
2017-06-13,23.86,nasa_power
2017-06-14,3.82,nasa_power
2017-06-15,4.32,nasa_power
2017-06-16,4.91,nasa_power
2017-06-17,3.51,nasa_power
2017-06-18,4.35,nasa_power
2017-06-19,13.53,nasa_power
2017-06-20,22.51,nasa_power
2017-06-21,6.0,nasa_power
2017-06-22,1.15,nasa_power
2017-06-23,7.01,nasa_power
2017-06-24,12.48,nasa_power
2017-06-25,2.21,nasa_power
2017-06-26,7.44,nasa_power
2017-06-27,12.97,nasa_power
2017-06-28,4.69,nasa_power
2017-06-29,9.15,nasa_power
2017-06-30,1.47,nasa_power
2017-07-01,24.34,nasa_power
2017-07-02,53.4,nasa_power
2017-07-03,3.64,nasa_power
2017-07-04,4.35,nasa_power
2017-07-05,20.22,nasa_power
2017-07-06,13.1,nasa_power
2017-07-07,6.51,nasa_power
2017-07-08,4.77,nasa_power
2017-07-09,5.23,nasa_power
2017-07-10,0.03,nasa_power
2017-07-11,0.01,nasa_power
2017-07-12,0.01,nasa_power
2017-07-13,0.06,nasa_power
2017-07-14,0.15,nasa_power
2017-07-15,2.36,nasa_power
2017-07-16,2.0,nasa_power
2017-07-17,1.65,nasa_power
2017-07-18,2.09,nasa_power
2017-07-19,3.59,nasa_power
2017-07-20,2.05,nasa_power
2017-07-21,4.27,nasa_power
2017-07-22,6.82,nasa_power
2017-07-23,5.69,nasa_power
2017-07-24,2.42,nasa_power
2017-07-25,0.41,nasa_power
2017-07-26,0.51,nasa_power
2017-07-27,0.4,nasa_power
2017-07-28,0.32,nasa_power
2017-07-29,0.35,nasa_power
2017-07-30,0.89,nasa_power
2017-07-31,0.91,nasa_power
2017-08-01,1.44,nasa_power
2017-08-02,1.81,nasa_power
2017-08-03,1.41,nasa_power
2017-08-04,0.78,nasa_power
2017-08-05,1.14,nasa_power
2017-08-06,0.54,nasa_power
2017-08-07,0.1,nasa_power
2017-08-08,0.58,nasa_power
2017-08-09,3.12,nasa_power
2017-08-10,2.38,nasa_power
2017-08-11,5.35,nasa_power
2017-08-12,6.15,nasa_power
2017-08-13,7.79,nasa_power
2017-08-14,3.37,nasa_power
2017-08-15,2.36,nasa_power
2017-08-16,0.08,nasa_power
2017-08-17,0.17,nasa_power
2017-08-18,0.82,nasa_power
2017-08-19,0.19,nasa_power
2017-08-20,0.11,nasa_power
2017-08-21,0.6,nasa_power
2017-08-22,0.73,nasa_power
2017-08-23,0.12,nasa_power
2017-08-24,1.84,nasa_power
2017-08-25,6.89,nasa_power
2017-08-26,6.85,nasa_power
2017-08-27,5.07,nasa_power
2017-08-28,2.03,nasa_power
2017-08-29,0.81,nasa_power
2017-08-30,0.83,nasa_power
2017-08-31,0.67,nasa_power
2017-09-01,0.92,nasa_power
2017-09-02,1.13,nasa_power
2017-09-03,2.57,nasa_power
2017-09-04,2.31,nasa_power
2017-09-05,1.43,nasa_power
2017-09-06,3.08,nasa_power
2017-09-07,12.63,nasa_power
2017-09-08,7.94,nasa_power
2017-09-09,4.43,nasa_power
2017-09-10,6.36,nasa_power
2017-09-11,7.1,nasa_power
2017-09-12,12.24,nasa_power
2017-09-13,0.66,nasa_power
2017-09-14,0.97,nasa_power
2017-09-15,1.96,nasa_power
2017-09-16,1.54,nasa_power
2017-09-17,0.82,nasa_power
2017-09-18,2.85,nasa_power
2017-09-19,4.04,nasa_power
2017-09-20,3.07,nasa_power
2017-09-21,4.03,nasa_power
2017-09-22,5.13,nasa_power
2017-09-23,6.05,nasa_power
2017-09-24,16.46,nasa_power
2017-09-25,2.44,nasa_power
2017-09-26,5.79,nasa_power
2017-09-27,6.48,nasa_power
2017-09-28,8.21,nasa_power
2017-09-29,11.03,nasa_power
2017-09-30,7.67,nasa_power
2017-10-01,2.99,nasa_power
2017-10-02,0.95,nasa_power
2017-10-03,3.52,nasa_power
2017-10-04,5.92,nasa_power
2017-10-05,2.14,nasa_power
2017-10-06,10.94,nasa_power
2017-10-07,18.16,nasa_power
2017-10-08,18.47,nasa_power
2017-10-09,3.67,nasa_power
2017-10-10,2.3,nasa_power
2017-10-11,4.87,nasa_power
2017-10-12,4.06,nasa_power
2017-10-13,4.12,nasa_power
2017-10-14,7.44,nasa_power
2017-10-15,8.52,nasa_power
2017-10-16,2.8,nasa_power
2017-10-17,3.02,nasa_power
2017-10-18,2.58,nasa_power
2017-10-19,2.73,nasa_power
2017-10-20,2.85,nasa_power
2017-10-21,2.97,nasa_power
2017-10-22,2.81,nasa_power
2017-10-23,3.2,nasa_power
2017-10-24,3.9,nasa_power
2017-10-25,4.59,nasa_power
2017-10-26,2.87,nasa_power
2017-10-27,4.49,nasa_power
2017-10-28,4.17,nasa_power
2017-10-29,3.58,nasa_power
2017-10-30,1.45,nasa_power
2017-10-31,1.58,nasa_power
2017-11-01,1.93,nasa_power
2017-11-02,2.05,nasa_power
2017-11-03,1.85,nasa_power
2017-11-04,4.84,nasa_power
2017-11-05,7.51,nasa_power
2017-11-06,9.1,nasa_power
2017-11-07,1.0,nasa_power
2017-11-08,1.49,nasa_power
2017-11-09,0.95,nasa_power
2017-11-10,0.73,nasa_power
2017-11-11,0.93,nasa_power
2017-11-12,2.46,nasa_power
2017-11-13,1.48,nasa_power
2017-11-14,5.75,nasa_power
2017-11-15,9.65,nasa_power
2017-11-16,6.99,nasa_power
2017-11-17,5.51,nasa_power
2017-11-18,2.68,nasa_power
2017-11-19,4.0,nasa_power
2017-11-20,4.03,nasa_power
2017-11-21,1.27,nasa_power
2017-11-22,6.43,nasa_power
2017-11-23,5.3,nasa_power
2017-11-24,4.35,nasa_power
2017-11-25,4.51,nasa_power
2017-11-26,2.18,nasa_power
2017-11-27,0.04,nasa_power
2017-11-28,0.02,nasa_power
2017-11-29,0.03,nasa_power
2017-11-30,0.06,nasa_power
2017-12-01,0.04,nasa_power
2017-12-02,0.48,nasa_power
2017-12-03,0.47,nasa_power
2017-12-04,0.41,nasa_power
2017-12-05,0.46,nasa_power
2017-12-06,0.65,nasa_power
2017-12-07,4.08,nasa_power
2017-12-08,6.54,nasa_power
2017-12-09,6.33,nasa_power
2017-12-10,1.4,nasa_power
2017-12-11,0.22,nasa_power
2017-12-12,0.38,nasa_power
2017-12-13,0.44,nasa_power
2017-12-14,0.92,nasa_power
2017-12-15,1.63,nasa_power
2017-12-16,3.23,nasa_power
2017-12-17,0.72,nasa_power
2017-12-18,1.21,nasa_power
2017-12-19,1.86,nasa_power
2017-12-20,2.24,nasa_power
2017-12-21,3.67,nasa_power
2017-12-22,0.01,nasa_power
2017-12-23,0.0,nasa_power
2017-12-24,0.0,nasa_power
2017-12-25,0.0,nasa_power
2017-12-26,0.0,nasa_power
2017-12-27,0.0,nasa_power
2017-12-28,0.0,nasa_power
2017-12-29,0.0,nasa_power
2017-12-30,0.0,nasa_power
2017-12-31,0.0,nasa_power
2018-01-01,0.0,nasa_power
2018-01-02,0.0,nasa_power
2018-01-03,0.0,nasa_power
2018-01-04,0.0,nasa_power
2018-01-05,0.0,nasa_power
2018-01-06,0.28,nasa_power
2018-01-07,1.01,nasa_power
2018-01-08,1.21,nasa_power
2018-01-09,0.42,nasa_power
2018-01-10,0.44,nasa_power
2018-01-11,0.0,nasa_power
2018-01-12,0.0,nasa_power
2018-01-13,0.0,nasa_power
2018-01-14,0.0,nasa_power
2018-01-15,0.0,nasa_power
2018-01-16,0.0,nasa_power
2018-01-17,0.0,nasa_power
2018-01-18,0.0,nasa_power
2018-01-19,0.0,nasa_power
2018-01-20,0.0,nasa_power
2018-01-21,0.0,nasa_power
2018-01-22,0.0,nasa_power
2018-01-23,0.0,nasa_power
2018-01-24,0.0,nasa_power
2018-01-25,0.0,nasa_power
2018-01-26,0.0,nasa_power
2018-01-27,0.0,nasa_power
2018-01-28,0.0,nasa_power
2018-01-29,0.0,nasa_power
2018-01-30,0.0,nasa_power
2018-01-31,0.0,nasa_power
2018-02-01,0.0,nasa_power
2018-02-02,0.0,nasa_power
2018-02-03,0.0,nasa_power
2018-02-04,0.0,nasa_power
2018-02-05,0.11,nasa_power
2018-02-06,0.37,nasa_power
2018-02-07,0.93,nasa_power
2018-02-08,0.53,nasa_power
2018-02-09,0.39,nasa_power
2018-02-10,0.31,nasa_power
2018-02-11,1.38,nasa_power
2018-02-12,0.83,nasa_power
2018-02-13,0.62,nasa_power
2018-02-14,1.1,nasa_power
2018-02-15,0.9,nasa_power
2018-02-16,0.63,nasa_power
2018-02-17,2.23,nasa_power
2018-02-18,4.84,nasa_power
2018-02-19,2.57,nasa_power
2018-02-20,14.74,nasa_power
2018-02-21,0.41,nasa_power
2018-02-22,0.53,nasa_power
2018-02-23,3.69,nasa_power
2018-02-24,2.91,nasa_power
2018-02-25,17.32,nasa_power
2018-02-26,5.51,nasa_power
2018-02-27,4.09,nasa_power
2018-02-28,3.37,nasa_power
2018-03-01,8.32,nasa_power
2018-03-02,3.01,nasa_power
2018-03-03,2.34,nasa_power
2018-03-04,7.89,nasa_power
2018-03-05,9.34,nasa_power
2018-03-06,4.23,nasa_power
2018-03-07,4.94,nasa_power
2018-03-08,8.8,nasa_power
2018-03-09,8.47,nasa_power
2018-03-10,7.59,nasa_power
2018-03-11,6.68,nasa_power
2018-03-12,5.16,nasa_power
2018-03-13,4.15,nasa_power
2018-03-14,2.3,nasa_power
2018-03-15,5.24,nasa_power
2018-03-16,9.76,nasa_power
2018-03-17,5.78,nasa_power
2018-03-18,1.72,nasa_power
2018-03-19,0.71,nasa_power
2018-03-20,2.19,nasa_power
2018-03-21,2.62,nasa_power
2018-03-22,1.47,nasa_power
2018-03-23,6.01,nasa_power
2018-03-24,1.97,nasa_power
2018-03-25,2.2,nasa_power
2018-03-26,13.06,nasa_power
2018-03-27,0.07,nasa_power
2018-03-28,0.29,nasa_power
2018-03-29,0.4,nasa_power
2018-03-30,0.21,nasa_power
2018-03-31,0.12,nasa_power
2018-04-01,1.75,nasa_power
2018-04-02,1.36,nasa_power
2018-04-03,1.39,nasa_power
2018-04-04,2.97,nasa_power
2018-04-05,7.83,nasa_power
2018-04-06,4.26,nasa_power
2018-04-07,3.29,nasa_power
2018-04-08,3.9,nasa_power
2018-04-09,0.93,nasa_power
2018-04-10,2.08,nasa_power
2018-04-11,0.19,nasa_power
2018-04-12,1.04,nasa_power
2018-04-13,1.9,nasa_power
2018-04-14,1.51,nasa_power
2018-04-15,4.03,nasa_power
2018-04-16,7.12,nasa_power
2018-04-17,9.23,nasa_power
2018-04-18,11.07,nasa_power
2018-04-19,8.29,nasa_power
2018-04-20,9.25,nasa_power
2018-04-21,4.29,nasa_power
2018-04-22,7.37,nasa_power
2018-04-23,7.14,nasa_power
2018-04-24,3.63,nasa_power
2018-04-25,6.72,nasa_power
2018-04-26,0.19,nasa_power
2018-04-27,1.77,nasa_power
2018-04-28,2.37,nasa_power
2018-04-29,2.41,nasa_power
2018-04-30,0.54,nasa_power
2018-05-01,2.88,nasa_power
2018-05-02,5.17,nasa_power
2018-05-03,2.74,nasa_power
2018-05-04,2.55,nasa_power
2018-05-05,2.3,nasa_power
2018-05-06,9.53,nasa_power
2018-05-07,1.34,nasa_power
2018-05-08,4.49,nasa_power
2018-05-09,6.89,nasa_power
2018-05-10,17.29,nasa_power
2018-05-11,11.57,nasa_power
2018-05-12,3.84,nasa_power
2018-05-13,1.81,nasa_power
2018-05-14,1.61,nasa_power
2018-05-15,2.45,nasa_power
2018-05-16,7.75,nasa_power
2018-05-17,10.21,nasa_power
2018-05-18,1.98,nasa_power
2018-05-19,1.52,nasa_power
2018-05-20,5.86,nasa_power
2018-05-21,9.52,nasa_power
2018-05-22,49.89,nasa_power
2018-05-23,17.07,nasa_power
2018-05-24,15.81,nasa_power
2018-05-25,25.02,nasa_power
2018-05-26,4.49,nasa_power
2018-05-27,20.12,nasa_power
2018-05-28,0.89,nasa_power
2018-05-29,5.17,nasa_power
2018-05-30,8.07,nasa_power
2018-05-31,3.2,nasa_power
2018-06-01,2.85,nasa_power
2018-06-02,2.22,nasa_power
2018-06-03,3.45,nasa_power
2018-06-04,1.79,nasa_power
2018-06-05,2.82,nasa_power
2018-06-06,2.61,nasa_power
2018-06-07,6.29,nasa_power
2018-06-08,5.34,nasa_power
2018-06-09,7.28,nasa_power
2018-06-10,12.33,nasa_power
2018-06-11,4.86,nasa_power
2018-06-12,1.32,nasa_power
2018-06-13,5.98,nasa_power
2018-06-14,4.47,nasa_power
2018-06-15,4.93,nasa_power
2018-06-16,3.32,nasa_power
2018-06-17,1.73,nasa_power
2018-06-18,2.51,nasa_power
2018-06-19,9.15,nasa_power
2018-06-20,3.72,nasa_power
2018-06-21,14.06,nasa_power
2018-06-22,10.96,nasa_power
2018-06-23,7.11,nasa_power
2018-06-24,2.0,nasa_power
2018-06-25,0.24,nasa_power
2018-06-26,39.24,nasa_power
2018-06-27,13.53,nasa_power
2018-06-28,10.18,nasa_power
2018-06-29,9.8,nasa_power
2018-06-30,23.61,nasa_power
2018-07-01,13.51,nasa_power
2018-07-02,2.01,nasa_power
2018-07-03,6.62,nasa_power
2018-07-04,6.84,nasa_power
2018-07-05,26.82,nasa_power
2018-07-06,23.4,nasa_power
2018-07-07,11.94,nasa_power
2018-07-08,4.85,nasa_power
2018-07-09,2.56,nasa_power
2018-07-10,0.66,nasa_power
2018-07-11,5.74,nasa_power
2018-07-12,6.02,nasa_power
2018-07-13,4.56,nasa_power
2018-07-14,11.96,nasa_power
2018-07-15,5.31,nasa_power
2018-07-16,5.29,nasa_power
2018-07-17,6.85,nasa_power
2018-07-18,1.85,nasa_power
2018-07-19,3.72,nasa_power
2018-07-20,1.1,nasa_power
2018-07-21,2.24,nasa_power
2018-07-22,1.25,nasa_power
2018-07-23,2.56,nasa_power
2018-07-24,4.56,nasa_power
2018-07-25,10.54,nasa_power
2018-07-26,2.86,nasa_power
2018-07-27,0.12,nasa_power
2018-07-28,0.22,nasa_power
2018-07-29,1.23,nasa_power
2018-07-30,0.34,nasa_power
2018-07-31,0.09,nasa_power
2018-08-01,0.24,nasa_power
2018-08-02,1.09,nasa_power
2018-08-03,0.83,nasa_power
2018-08-04,0.16,nasa_power
2018-08-05,0.01,nasa_power
2018-08-06,0.15,nasa_power
2018-08-07,0.18,nasa_power
2018-08-08,0.13,nasa_power
2018-08-09,1.79,nasa_power
2018-08-10,3.02,nasa_power
2018-08-11,0.47,nasa_power
2018-08-12,2.42,nasa_power
2018-08-13,3.0,nasa_power
2018-08-14,2.06,nasa_power
2018-08-15,1.78,nasa_power
2018-08-16,1.14,nasa_power
2018-08-17,4.11,nasa_power
2018-08-18,5.89,nasa_power
2018-08-19,6.29,nasa_power
2018-08-20,2.14,nasa_power
2018-08-21,4.06,nasa_power
2018-08-22,3.77,nasa_power
2018-08-23,4.95,nasa_power
2018-08-24,13.02,nasa_power
2018-08-25,6.42,nasa_power
2018-08-26,3.97,nasa_power
2018-08-27,0.96,nasa_power
2018-08-28,3.14,nasa_power
2018-08-29,2.24,nasa_power
2018-08-30,2.25,nasa_power
2018-08-31,5.54,nasa_power
2018-09-01,3.45,nasa_power
2018-09-02,3.85,nasa_power
2018-09-03,5.84,nasa_power
2018-09-04,7.68,nasa_power
2018-09-05,9.62,nasa_power
2018-09-06,19.07,nasa_power
2018-09-07,6.72,nasa_power
2018-09-08,10.85,nasa_power
2018-09-09,5.87,nasa_power
2018-09-10,13.26,nasa_power
2018-09-11,10.33,nasa_power
2018-09-12,18.73,nasa_power
2018-09-13,4.8,nasa_power
2018-09-14,4.79,nasa_power
2018-09-15,4.14,nasa_power
2018-09-16,6.41,nasa_power
2018-09-17,0.95,nasa_power
2018-09-18,1.17,nasa_power
2018-09-19,4.4,nasa_power
2018-09-20,6.0,nasa_power
2018-09-21,9.57,nasa_power
2018-09-22,11.09,nasa_power
2018-09-23,1.51,nasa_power
2018-09-24,1.93,nasa_power
2018-09-25,3.83,nasa_power
2018-09-26,13.83,nasa_power
2018-09-27,2.91,nasa_power
2018-09-28,23.08,nasa_power
2018-09-29,3.14,nasa_power
2018-09-30,4.67,nasa_power
2018-10-01,3.66,nasa_power
2018-10-02,19.22,nasa_power
2018-10-03,42.91,nasa_power
2018-10-04,8.33,nasa_power
2018-10-05,10.72,nasa_power
2018-10-06,5.16,nasa_power
2018-10-07,3.3,nasa_power
2018-10-08,11.99,nasa_power
2018-10-09,12.83,nasa_power
2018-10-10,10.49,nasa_power
2018-10-11,8.82,nasa_power
2018-10-12,12.35,nasa_power
2018-10-13,4.92,nasa_power
2018-10-14,11.85,nasa_power
2018-10-15,13.28,nasa_power
2018-10-16,9.2,nasa_power
2018-10-17,5.31,nasa_power
2018-10-18,0.9,nasa_power
2018-10-19,0.4,nasa_power
2018-10-20,0.48,nasa_power
2018-10-21,1.26,nasa_power
2018-10-22,4.15,nasa_power
2018-10-23,3.19,nasa_power
2018-10-24,2.82,nasa_power
2018-10-25,0.56,nasa_power
2018-10-26,1.96,nasa_power
2018-10-27,1.25,nasa_power
2018-10-28,1.84,nasa_power
2018-10-29,2.63,nasa_power
2018-10-30,2.21,nasa_power
2018-10-31,2.67,nasa_power
2018-11-01,3.79,nasa_power
2018-11-02,7.59,nasa_power
2018-11-03,2.78,nasa_power
2018-11-04,6.77,nasa_power
2018-11-05,7.08,nasa_power
2018-11-06,7.39,nasa_power
2018-11-07,3.15,nasa_power
2018-11-08,1.8,nasa_power
2018-11-09,1.07,nasa_power
2018-11-10,0.45,nasa_power
2018-11-11,0.65,nasa_power
2018-11-12,2.17,nasa_power
2018-11-13,1.51,nasa_power
2018-11-14,2.1,nasa_power
2018-11-15,2.74,nasa_power
2018-11-16,1.37,nasa_power
2018-11-17,2.68,nasa_power
2018-11-18,1.12,nasa_power
2018-11-19,4.43,nasa_power
2018-11-20,4.98,nasa_power
2018-11-21,1.91,nasa_power
2018-11-22,0.56,nasa_power
2018-11-23,1.24,nasa_power
2018-11-24,1.98,nasa_power
2018-11-25,1.32,nasa_power
2018-11-26,1.52,nasa_power
2018-11-27,0.99,nasa_power
2018-11-28,1.33,nasa_power
2018-11-29,0.77,nasa_power
2018-11-30,0.77,nasa_power
2018-12-01,1.63,nasa_power
2018-12-02,0.0,nasa_power
2018-12-03,0.0,nasa_power
2018-12-04,0.0,nasa_power
2018-12-05,0.0,nasa_power
2018-12-06,0.0,nasa_power
2018-12-07,0.25,nasa_power
2018-12-08,0.06,nasa_power
2018-12-09,0.2,nasa_power
2018-12-10,0.37,nasa_power
2018-12-11,0.34,nasa_power
2018-12-12,1.13,nasa_power
2018-12-13,0.5,nasa_power
2018-12-14,0.21,nasa_power
2018-12-15,0.08,nasa_power
2018-12-16,0.08,nasa_power
2018-12-17,0.08,nasa_power
2018-12-18,0.36,nasa_power
2018-12-19,0.33,nasa_power
2018-12-20,0.08,nasa_power
2018-12-21,0.04,nasa_power
2018-12-22,0.02,nasa_power
2018-12-23,0.01,nasa_power
2018-12-24,0.0,nasa_power
2018-12-25,0.0,nasa_power
2018-12-26,0.0,nasa_power
2018-12-27,0.0,nasa_power
2018-12-28,0.0,nasa_power
2018-12-29,0.01,nasa_power
2018-12-30,0.01,nasa_power
2018-12-31,0.02,nasa_power
2019-01-01,0.0,nasa_power
2019-01-02,0.0,nasa_power
2019-01-03,0.0,nasa_power
2019-01-04,0.0,nasa_power
2019-01-05,0.0,nasa_power
2019-01-06,0.07,nasa_power
2019-01-07,0.4,nasa_power
2019-01-08,0.04,nasa_power
2019-01-09,0.06,nasa_power
2019-01-10,0.29,nasa_power
2019-01-11,0.0,nasa_power
2019-01-12,0.0,nasa_power
2019-01-13,0.0,nasa_power
2019-01-14,0.01,nasa_power
2019-01-15,0.0,nasa_power
2019-01-16,1.26,nasa_power
2019-01-17,2.11,nasa_power
2019-01-18,0.79,nasa_power
2019-01-19,1.04,nasa_power
2019-01-20,3.03,nasa_power
2019-01-21,0.0,nasa_power
2019-01-22,0.01,nasa_power
2019-01-23,0.01,nasa_power
2019-01-24,0.04,nasa_power
2019-01-25,0.05,nasa_power
2019-01-26,0.36,nasa_power
2019-01-27,0.3,nasa_power
2019-01-28,0.93,nasa_power
2019-01-29,0.22,nasa_power
2019-01-30,1.3,nasa_power
2019-01-31,3.17,nasa_power
2019-02-01,6.89,nasa_power
2019-02-02,50.44,nasa_power
2019-02-03,1.28,nasa_power
2019-02-04,1.29,nasa_power
2019-02-05,2.63,nasa_power
2019-02-06,1.26,nasa_power
2019-02-07,1.36,nasa_power
2019-02-08,1.45,nasa_power
2019-02-09,0.73,nasa_power
2019-02-10,0.0,nasa_power
2019-02-11,0.0,nasa_power
2019-02-12,0.0,nasa_power
2019-02-13,0.0,nasa_power
2019-02-14,0.0,nasa_power
2019-02-15,0.47,nasa_power
2019-02-16,0.45,nasa_power
2019-02-17,0.44,nasa_power
2019-02-18,2.15,nasa_power
2019-02-19,6.52,nasa_power
2019-02-20,0.99,nasa_power
2019-02-21,0.49,nasa_power
2019-02-22,1.17,nasa_power
2019-02-23,0.59,nasa_power
2019-02-24,0.56,nasa_power
2019-02-25,4.52,nasa_power
2019-02-26,3.05,nasa_power
2019-02-27,2.81,nasa_power
2019-02-28,3.14,nasa_power
2019-03-01,6.08,nasa_power
2019-03-02,1.67,nasa_power
2019-03-03,0.12,nasa_power
2019-03-04,1.41,nasa_power
2019-03-05,2.21,nasa_power
2019-03-06,10.43,nasa_power
2019-03-07,1.31,nasa_power
2019-03-08,3.5,nasa_power
2019-03-09,2.17,nasa_power
2019-03-10,1.52,nasa_power
2019-03-11,1.8,nasa_power
2019-03-12,0.69,nasa_power
2019-03-13,1.57,nasa_power
2019-03-14,1.43,nasa_power
2019-03-15,2.73,nasa_power
2019-03-16,1.96,nasa_power
2019-03-17,4.82,nasa_power
2019-03-18,2.95,nasa_power
2019-03-19,4.15,nasa_power
2019-03-20,6.58,nasa_power
2019-03-21,3.81,nasa_power
2019-03-22,4.04,nasa_power
2019-03-23,3.66,nasa_power
2019-03-24,4.13,nasa_power
2019-03-25,6.14,nasa_power
2019-03-26,0.26,nasa_power
2019-03-27,1.28,nasa_power
2019-03-28,4.18,nasa_power
2019-03-29,2.6,nasa_power
2019-03-30,10.82,nasa_power
2019-03-31,2.18,nasa_power
2019-04-01,6.11,nasa_power
2019-04-02,2.82,nasa_power
2019-04-03,3.38,nasa_power
2019-04-04,16.44,nasa_power
2019-04-05,12.74,nasa_power
2019-04-06,4.08,nasa_power
2019-04-07,7.59,nasa_power
2019-04-08,7.01,nasa_power
2019-04-09,4.34,nasa_power
2019-04-10,7.92,nasa_power
2019-04-11,5.96,nasa_power
2019-04-12,1.2,nasa_power
2019-04-13,2.86,nasa_power
2019-04-14,30.69,nasa_power
2019-04-15,4.59,nasa_power
2019-04-16,2.23,nasa_power
2019-04-17,0.76,nasa_power
2019-04-18,2.93,nasa_power
2019-04-19,3.1,nasa_power
2019-04-20,8.4,nasa_power
2019-04-21,2.2,nasa_power
2019-04-22,12.17,nasa_power
2019-04-23,8.99,nasa_power
2019-04-24,1.04,nasa_power
2019-04-25,2.42,nasa_power
2019-04-26,5.1,nasa_power
2019-04-27,1.17,nasa_power
2019-04-28,3.93,nasa_power
2019-04-29,15.7,nasa_power
2019-04-30,5.23,nasa_power
2019-05-01,13.67,nasa_power
2019-05-02,3.64,nasa_power
2019-05-03,6.91,nasa_power
2019-05-04,2.59,nasa_power
2019-05-05,0.52,nasa_power
2019-05-06,10.59,nasa_power
2019-05-07,14.37,nasa_power
2019-05-08,8.8,nasa_power
2019-05-09,9.36,nasa_power
2019-05-10,1.08,nasa_power
2019-05-11,5.21,nasa_power
2019-05-12,3.17,nasa_power
2019-05-13,8.78,nasa_power
2019-05-14,22.29,nasa_power
2019-05-15,11.61,nasa_power
2019-05-16,1.77,nasa_power
2019-05-17,0.92,nasa_power
2019-05-18,6.4,nasa_power
2019-05-19,2.12,nasa_power
2019-05-20,16.51,nasa_power
2019-05-21,4.39,nasa_power
2019-05-22,13.56,nasa_power
2019-05-23,12.6,nasa_power
2019-05-24,5.42,nasa_power
2019-05-25,6.38,nasa_power
2019-05-26,1.16,nasa_power
2019-05-27,4.83,nasa_power
2019-05-28,0.81,nasa_power
2019-05-29,5.08,nasa_power
2019-05-30,5.45,nasa_power
2019-05-31,8.1,nasa_power
2019-06-01,15.9,nasa_power
2019-06-02,3.2,nasa_power
2019-06-03,1.14,nasa_power
2019-06-04,8.98,nasa_power
2019-06-05,14.56,nasa_power
2019-06-06,3.73,nasa_power
2019-06-07,21.42,nasa_power
2019-06-08,5.05,nasa_power
2019-06-09,6.44,nasa_power
2019-06-10,27.06,nasa_power
2019-06-11,0.98,nasa_power
2019-06-12,0.51,nasa_power
2019-06-13,3.36,nasa_power
2019-06-14,7.3,nasa_power
2019-06-15,3.34,nasa_power
2019-06-16,1.83,nasa_power
2019-06-17,2.16,nasa_power
2019-06-18,1.04,nasa_power
2019-06-19,1.19,nasa_power
2019-06-20,11.77,nasa_power
2019-06-21,11.84,nasa_power
2019-06-22,19.43,nasa_power
2019-06-23,18.08,nasa_power
2019-06-24,19.82,nasa_power
2019-06-25,3.2,nasa_power
2019-06-26,1.31,nasa_power
2019-06-27,4.38,nasa_power
2019-06-28,11.63,nasa_power
2019-06-29,0.49,nasa_power
2019-06-30,1.58,nasa_power
2019-07-01,5.59,nasa_power
2019-07-02,7.18,nasa_power
2019-07-03,8.13,nasa_power
2019-07-04,13.95,nasa_power
2019-07-05,18.14,nasa_power
2019-07-06,2.27,nasa_power
2019-07-07,3.5,nasa_power
2019-07-08,4.13,nasa_power
2019-07-09,1.66,nasa_power
2019-07-10,0.97,nasa_power
2019-07-11,0.49,nasa_power
2019-07-12,2.93,nasa_power
2019-07-13,1.78,nasa_power
2019-07-14,0.28,nasa_power
2019-07-15,1.52,nasa_power
2019-07-16,3.95,nasa_power
2019-07-17,2.8,nasa_power
2019-07-18,3.83,nasa_power
2019-07-19,9.54,nasa_power
2019-07-20,10.5,nasa_power
2019-07-21,4.69,nasa_power
2019-07-22,3.18,nasa_power
2019-07-23,2.91,nasa_power
2019-07-24,3.26,nasa_power
2019-07-25,2.49,nasa_power
2019-07-26,3.37,nasa_power
2019-07-27,2.9,nasa_power
2019-07-28,1.82,nasa_power
2019-07-29,3.85,nasa_power
2019-07-30,4.7,nasa_power
2019-07-31,1.37,nasa_power
2019-08-01,1.06,nasa_power
2019-08-02,1.98,nasa_power
2019-08-03,1.25,nasa_power
2019-08-04,0.94,nasa_power
2019-08-05,2.88,nasa_power
2019-08-06,1.39,nasa_power
2019-08-07,1.48,nasa_power
2019-08-08,2.17,nasa_power
2019-08-09,2.29,nasa_power
2019-08-10,1.42,nasa_power
2019-08-11,0.6,nasa_power
2019-08-12,1.07,nasa_power
2019-08-13,1.97,nasa_power
2019-08-14,0.58,nasa_power
2019-08-15,0.26,nasa_power
2019-08-16,0.63,nasa_power
2019-08-17,0.61,nasa_power
2019-08-18,0.53,nasa_power
2019-08-19,3.01,nasa_power
2019-08-20,1.9,nasa_power
2019-08-21,2.02,nasa_power
2019-08-22,2.08,nasa_power
2019-08-23,2.75,nasa_power
2019-08-24,4.11,nasa_power
2019-08-25,3.51,nasa_power
2019-08-26,2.72,nasa_power
2019-08-27,2.15,nasa_power
2019-08-28,2.39,nasa_power
2019-08-29,2.9,nasa_power
2019-08-30,5.41,nasa_power
2019-08-31,9.11,nasa_power
2019-09-01,13.72,nasa_power
2019-09-02,12.27,nasa_power
2019-09-03,1.13,nasa_power
2019-09-04,8.03,nasa_power
2019-09-05,30.0,nasa_power
2019-09-06,3.44,nasa_power
2019-09-07,11.31,nasa_power
2019-09-08,7.67,nasa_power
2019-09-09,16.17,nasa_power
2019-09-10,6.7,nasa_power
2019-09-11,2.27,nasa_power
2019-09-12,8.35,nasa_power
2019-09-13,21.06,nasa_power
2019-09-14,5.35,nasa_power
2019-09-15,3.97,nasa_power
2019-09-16,1.46,nasa_power
2019-09-17,1.57,nasa_power
2019-09-18,13.19,nasa_power
2019-09-19,10.6,nasa_power
2019-09-20,10.2,nasa_power
2019-09-21,9.58,nasa_power
2019-09-22,10.82,nasa_power
2019-09-23,2.97,nasa_power
2019-09-24,2.55,nasa_power
2019-09-25,6.66,nasa_power
2019-09-26,3.75,nasa_power
2019-09-27,12.8,nasa_power
2019-09-28,4.65,nasa_power
2019-09-29,2.24,nasa_power
2019-09-30,2.58,nasa_power
2019-10-01,14.89,nasa_power
2019-10-02,4.83,nasa_power
2019-10-03,8.21,nasa_power
2019-10-04,13.98,nasa_power
2019-10-05,32.97,nasa_power
2019-10-06,4.94,nasa_power
2019-10-07,11.84,nasa_power
2019-10-08,11.21,nasa_power
2019-10-09,23.83,nasa_power
2019-10-10,8.74,nasa_power
2019-10-11,14.22,nasa_power
2019-10-12,24.88,nasa_power
2019-10-13,6.15,nasa_power
2019-10-14,2.42,nasa_power
2019-10-15,4.49,nasa_power
2019-10-16,3.98,nasa_power
2019-10-17,3.24,nasa_power
2019-10-18,15.76,nasa_power
2019-10-19,37.29,nasa_power
2019-10-20,15.5,nasa_power
2019-10-21,8.11,nasa_power
2019-10-22,6.42,nasa_power
2019-10-23,24.97,nasa_power
2019-10-24,22.65,nasa_power
2019-10-25,22.74,nasa_power
2019-10-26,16.48,nasa_power
2019-10-27,19.37,nasa_power
2019-10-28,5.27,nasa_power
2019-10-29,1.95,nasa_power
2019-10-30,15.62,nasa_power
2019-10-31,7.75,nasa_power
2019-11-01,1.79,nasa_power
2019-11-02,6.78,nasa_power
2019-11-03,8.39,nasa_power
2019-11-04,2.45,nasa_power
2019-11-05,2.65,nasa_power
2019-11-06,2.67,nasa_power
2019-11-07,2.67,nasa_power
2019-11-08,1.58,nasa_power
2019-11-09,3.58,nasa_power
2019-11-10,14.11,nasa_power
2019-11-11,7.67,nasa_power
2019-11-12,1.92,nasa_power
2019-11-13,3.16,nasa_power
2019-11-14,4.09,nasa_power
2019-11-15,1.99,nasa_power
2019-11-16,1.85,nasa_power
2019-11-17,1.35,nasa_power
2019-11-18,0.48,nasa_power
2019-11-19,0.98,nasa_power
2019-11-20,3.42,nasa_power
2019-11-21,1.98,nasa_power
2019-11-22,2.56,nasa_power
2019-11-23,1.59,nasa_power
2019-11-24,2.34,nasa_power
2019-11-25,1.14,nasa_power
2019-11-26,1.36,nasa_power
2019-11-27,1.93,nasa_power
2019-11-28,1.33,nasa_power
2019-11-29,1.07,nasa_power
2019-11-30,0.71,nasa_power
2019-12-01,1.9,nasa_power
2019-12-02,0.35,nasa_power
2019-12-03,0.46,nasa_power
2019-12-04,0.23,nasa_power
2019-12-05,0.96,nasa_power
2019-12-06,1.07,nasa_power
2019-12-07,6.9,nasa_power
2019-12-08,7.11,nasa_power
2019-12-09,1.29,nasa_power
2019-12-10,2.71,nasa_power
2019-12-11,2.13,nasa_power
2019-12-12,0.66,nasa_power
2019-12-13,0.6,nasa_power
2019-12-14,0.44,nasa_power
2019-12-15,0.47,nasa_power
2019-12-16,0.13,nasa_power
2019-12-17,0.07,nasa_power
2019-12-18,0.06,nasa_power
2019-12-19,0.08,nasa_power
2019-12-20,0.05,nasa_power
2019-12-21,0.08,nasa_power
2019-12-22,1.09,nasa_power
2019-12-23,0.25,nasa_power
2019-12-24,0.02,nasa_power
2019-12-25,0.03,nasa_power
2019-12-26,0.04,nasa_power
2019-12-27,0.29,nasa_power
2019-12-28,0.59,nasa_power
2019-12-29,0.07,nasa_power
2019-12-30,0.38,nasa_power
2019-12-31,0.12,nasa_power
2020-01-01,0.0,nasa_power
2020-01-02,0.0,nasa_power
2020-01-03,0.0,nasa_power
2020-01-04,0.0,nasa_power
2020-01-05,0.0,nasa_power
2020-01-06,0.0,nasa_power
2020-01-07,0.0,nasa_power
2020-01-08,0.0,nasa_power
2020-01-09,0.0,nasa_power
2020-01-10,0.0,nasa_power
2020-01-11,1.24,nasa_power
2020-01-12,0.26,nasa_power
2020-01-13,0.47,nasa_power
2020-01-14,0.91,nasa_power
2020-01-15,0.08,nasa_power
2020-01-16,0.04,nasa_power
2020-01-17,0.06,nasa_power
2020-01-18,0.3,nasa_power
2020-01-19,0.17,nasa_power
2020-01-20,0.34,nasa_power
2020-01-21,0.0,nasa_power
2020-01-22,0.0,nasa_power
2020-01-23,0.0,nasa_power
2020-01-24,0.0,nasa_power
2020-01-25,0.0,nasa_power
2020-01-26,0.0,nasa_power
2020-01-27,0.0,nasa_power
2020-01-28,0.0,nasa_power
2020-01-29,0.0,nasa_power
2020-01-30,0.0,nasa_power
2020-01-31,0.11,nasa_power
2020-02-01,0.12,nasa_power
2020-02-02,0.05,nasa_power
2020-02-03,0.03,nasa_power
2020-02-04,0.04,nasa_power
2020-02-05,0.0,nasa_power
2020-02-06,0.0,nasa_power
2020-02-07,0.0,nasa_power
2020-02-08,0.0,nasa_power
2020-02-09,0.0,nasa_power
2020-02-10,0.0,nasa_power
2020-02-11,0.0,nasa_power
2020-02-12,0.0,nasa_power
2020-02-13,0.0,nasa_power
2020-02-14,0.0,nasa_power
2020-02-15,0.01,nasa_power
2020-02-16,0.02,nasa_power
2020-02-17,0.12,nasa_power
2020-02-18,0.39,nasa_power
2020-02-19,0.49,nasa_power
2020-02-20,0.07,nasa_power
2020-02-21,0.31,nasa_power
2020-02-22,0.15,nasa_power
2020-02-23,0.21,nasa_power
2020-02-24,0.2,nasa_power
2020-02-25,0.27,nasa_power
2020-02-26,0.08,nasa_power
2020-02-27,0.61,nasa_power
2020-02-28,1.81,nasa_power
2020-02-29,0.33,nasa_power
2020-03-01,0.87,nasa_power
2020-03-02,6.71,nasa_power
2020-03-03,9.32,nasa_power
2020-03-04,5.83,nasa_power
2020-03-05,6.45,nasa_power
2020-03-06,6.72,nasa_power
2020-03-07,3.75,nasa_power
2020-03-08,0.58,nasa_power
2020-03-09,27.14,nasa_power
2020-03-10,9.86,nasa_power
2020-03-11,7.43,nasa_power
2020-03-12,0.92,nasa_power
2020-03-13,3.25,nasa_power
2020-03-14,21.45,nasa_power
2020-03-15,10.53,nasa_power
2020-03-16,0.46,nasa_power
2020-03-17,0.43,nasa_power
2020-03-18,0.71,nasa_power
2020-03-19,1.0,nasa_power
2020-03-20,0.31,nasa_power
2020-03-21,0.47,nasa_power
2020-03-22,5.83,nasa_power
2020-03-23,7.53,nasa_power
2020-03-24,7.84,nasa_power
2020-03-25,3.84,nasa_power
2020-03-26,1.95,nasa_power
2020-03-27,4.59,nasa_power
2020-03-28,2.39,nasa_power
2020-03-29,1.59,nasa_power
2020-03-30,1.19,nasa_power
2020-03-31,1.62,nasa_power
2020-04-01,9.16,nasa_power
2020-04-02,1.02,nasa_power
2020-04-03,2.04,nasa_power
2020-04-04,6.37,nasa_power
2020-04-05,1.91,nasa_power
2020-04-06,2.94,nasa_power
2020-04-07,2.19,nasa_power
2020-04-08,4.03,nasa_power
2020-04-09,4.59,nasa_power
2020-04-10,5.52,nasa_power
2020-04-11,9.57,nasa_power
2020-04-12,5.25,nasa_power
2020-04-13,4.81,nasa_power
2020-04-14,5.51,nasa_power
2020-04-15,2.63,nasa_power
2020-04-16,2.6,nasa_power
2020-04-17,2.42,nasa_power
2020-04-18,1.35,nasa_power
2020-04-19,4.27,nasa_power
2020-04-20,1.66,nasa_power
2020-04-21,0.45,nasa_power
2020-04-22,4.09,nasa_power
2020-04-23,2.24,nasa_power
2020-04-24,2.75,nasa_power
2020-04-25,3.28,nasa_power
2020-04-26,25.35,nasa_power
2020-04-27,2.39,nasa_power
2020-04-28,1.86,nasa_power
2020-04-29,1.24,nasa_power
2020-04-30,15.12,nasa_power
2020-05-01,0.82,nasa_power
2020-05-02,1.66,nasa_power
2020-05-03,5.53,nasa_power
2020-05-04,2.34,nasa_power
2020-05-05,0.69,nasa_power
2020-05-06,7.96,nasa_power
2020-05-07,7.19,nasa_power
2020-05-08,12.66,nasa_power
2020-05-09,6.05,nasa_power
2020-05-10,19.39,nasa_power
2020-05-11,5.98,nasa_power
2020-05-12,1.33,nasa_power
2020-05-13,0.9,nasa_power
2020-05-14,2.81,nasa_power
2020-05-15,5.38,nasa_power
2020-05-16,3.47,nasa_power
2020-05-17,52.96,nasa_power
2020-05-18,4.99,nasa_power
2020-05-19,2.25,nasa_power
2020-05-20,1.5,nasa_power
2020-05-21,4.47,nasa_power
2020-05-22,5.26,nasa_power
2020-05-23,2.8,nasa_power
2020-05-24,6.25,nasa_power
2020-05-25,29.43,nasa_power
2020-05-26,12.96,nasa_power
2020-05-27,12.05,nasa_power
2020-05-28,4.22,nasa_power
2020-05-29,6.83,nasa_power
2020-05-30,14.93,nasa_power
2020-05-31,10.34,nasa_power
2020-06-01,12.59,nasa_power
2020-06-02,17.44,nasa_power
2020-06-03,5.56,nasa_power
2020-06-04,21.78,nasa_power
2020-06-05,9.86,nasa_power
2020-06-06,9.92,nasa_power
2020-06-07,5.92,nasa_power
2020-06-08,2.01,nasa_power
2020-06-09,9.79,nasa_power
2020-06-10,11.36,nasa_power
2020-06-11,10.6,nasa_power
2020-06-12,9.09,nasa_power
2020-06-13,12.63,nasa_power
2020-06-14,17.02,nasa_power
2020-06-15,6.61,nasa_power
2020-06-16,4.48,nasa_power
2020-06-17,11.44,nasa_power
2020-06-18,7.95,nasa_power
2020-06-19,6.35,nasa_power
2020-06-20,4.18,nasa_power
2020-06-21,2.4,nasa_power
2020-06-22,4.02,nasa_power
2020-06-23,6.63,nasa_power
2020-06-24,6.35,nasa_power
2020-06-25,15.08,nasa_power
2020-06-26,9.46,nasa_power
2020-06-27,19.13,nasa_power
2020-06-28,19.75,nasa_power
2020-06-29,21.67,nasa_power
2020-06-30,7.94,nasa_power
2020-07-01,6.09,nasa_power
2020-07-02,11.83,nasa_power
2020-07-03,11.46,nasa_power
2020-07-04,14.02,nasa_power
2020-07-05,1.87,nasa_power
2020-07-06,0.46,nasa_power
2020-07-07,2.11,nasa_power
2020-07-08,3.18,nasa_power
2020-07-09,7.38,nasa_power
2020-07-10,15.78,nasa_power
2020-07-11,8.92,nasa_power
2020-07-12,13.65,nasa_power
2020-07-13,3.09,nasa_power
2020-07-14,2.72,nasa_power
2020-07-15,0.38,nasa_power
2020-07-16,0.32,nasa_power
2020-07-17,1.51,nasa_power
2020-07-18,1.32,nasa_power
2020-07-19,1.55,nasa_power
2020-07-20,3.19,nasa_power
2020-07-21,4.37,nasa_power
2020-07-22,5.64,nasa_power
2020-07-23,3.86,nasa_power
2020-07-24,1.56,nasa_power
2020-07-25,1.08,nasa_power
2020-07-26,2.04,nasa_power
2020-07-27,2.54,nasa_power
2020-07-28,1.51,nasa_power
2020-07-29,0.99,nasa_power
2020-07-30,0.24,nasa_power
2020-07-31,0.46,nasa_power
2020-08-01,0.16,nasa_power
2020-08-02,0.03,nasa_power
2020-08-03,0.01,nasa_power
2020-08-04,0.01,nasa_power
2020-08-05,0.02,nasa_power
2020-08-06,0.03,nasa_power
2020-08-07,0.12,nasa_power
2020-08-08,0.28,nasa_power
2020-08-09,0.0,nasa_power
2020-08-10,0.0,nasa_power
2020-08-11,0.0,nasa_power
2020-08-12,0.0,nasa_power
2020-08-13,0.0,nasa_power
2020-08-14,2.86,nasa_power
2020-08-15,8.59,nasa_power
2020-08-16,1.76,nasa_power
2020-08-17,1.39,nasa_power
2020-08-18,1.22,nasa_power
2020-08-19,0.37,nasa_power
2020-08-20,0.3,nasa_power
2020-08-21,0.79,nasa_power
2020-08-22,0.17,nasa_power
2020-08-23,0.06,nasa_power
2020-08-24,0.1,nasa_power
2020-08-25,0.02,nasa_power
2020-08-26,0.07,nasa_power
2020-08-27,1.21,nasa_power
2020-08-28,1.48,nasa_power
2020-08-29,0.06,nasa_power
2020-08-30,0.04,nasa_power
2020-08-31,0.21,nasa_power
2020-09-01,0.2,nasa_power
2020-09-02,0.12,nasa_power
2020-09-03,0.05,nasa_power
2020-09-04,0.02,nasa_power
2020-09-05,0.03,nasa_power
2020-09-06,0.03,nasa_power
2020-09-07,0.04,nasa_power
2020-09-08,1.16,nasa_power
2020-09-09,3.3,nasa_power
2020-09-10,8.33,nasa_power
2020-09-11,2.4,nasa_power
2020-09-12,5.5,nasa_power
2020-09-13,8.61,nasa_power
2020-09-14,6.55,nasa_power
2020-09-15,8.68,nasa_power
2020-09-16,21.61,nasa_power
2020-09-17,17.51,nasa_power
2020-09-18,0.94,nasa_power
2020-09-19,8.5,nasa_power
2020-09-20,3.33,nasa_power
2020-09-21,7.89,nasa_power
2020-09-22,16.48,nasa_power
2020-09-23,49.12,nasa_power
2020-09-24,2.81,nasa_power
2020-09-25,2.06,nasa_power
2020-09-26,1.93,nasa_power
2020-09-27,4.49,nasa_power
2020-09-28,4.86,nasa_power
2020-09-29,3.84,nasa_power
2020-09-30,7.13,nasa_power
2020-10-01,5.11,nasa_power
2020-10-02,2.26,nasa_power
2020-10-03,2.13,nasa_power
2020-10-04,11.72,nasa_power
2020-10-05,3.53,nasa_power
2020-10-06,4.84,nasa_power
2020-10-07,1.94,nasa_power
2020-10-08,2.63,nasa_power
2020-10-09,22.64,nasa_power
2020-10-10,30.67,nasa_power
2020-10-11,5.02,nasa_power
2020-10-12,1.78,nasa_power
2020-10-13,12.51,nasa_power
2020-10-14,13.22,nasa_power
2020-10-15,12.55,nasa_power
2020-10-16,12.26,nasa_power
2020-10-17,5.85,nasa_power
2020-10-18,7.74,nasa_power
2020-10-19,6.07,nasa_power
2020-10-20,5.85,nasa_power
2020-10-21,1.81,nasa_power
2020-10-22,4.58,nasa_power
2020-10-23,2.95,nasa_power
2020-10-24,3.79,nasa_power
2020-10-25,8.09,nasa_power
2020-10-26,2.44,nasa_power
2020-10-27,6.08,nasa_power
2020-10-28,46.44,nasa_power
2020-10-29,20.37,nasa_power
2020-10-30,36.42,nasa_power
2020-10-31,35.91,nasa_power
2020-11-01,33.04,nasa_power
2020-11-02,3.17,nasa_power
2020-11-03,3.06,nasa_power
2020-11-04,2.35,nasa_power
2020-11-05,4.12,nasa_power
2020-11-06,3.1,nasa_power
2020-11-07,4.01,nasa_power
2020-11-08,4.76,nasa_power
2020-11-09,6.15,nasa_power
2020-11-10,5.56,nasa_power
2020-11-11,5.31,nasa_power
2020-11-12,4.46,nasa_power
2020-11-13,3.13,nasa_power
2020-11-14,2.32,nasa_power
2020-11-15,1.53,nasa_power
2020-11-16,3.69,nasa_power
2020-11-17,4.76,nasa_power
2020-11-18,5.53,nasa_power
2020-11-19,2.23,nasa_power
2020-11-20,1.77,nasa_power
2020-11-21,8.71,nasa_power
2020-11-22,20.18,nasa_power
2020-11-23,4.79,nasa_power
2020-11-24,3.62,nasa_power
2020-11-25,14.64,nasa_power
2020-11-26,29.48,nasa_power
2020-11-27,3.31,nasa_power
2020-11-28,3.55,nasa_power
2020-11-29,2.86,nasa_power
2020-11-30,3.08,nasa_power
2020-12-01,4.98,nasa_power
2020-12-02,0.17,nasa_power
2020-12-03,0.07,nasa_power
2020-12-04,0.04,nasa_power
2020-12-05,0.04,nasa_power
2020-12-06,0.12,nasa_power
2020-12-07,5.03,nasa_power
2020-12-08,2.35,nasa_power
2020-12-09,1.43,nasa_power
2020-12-10,2.36,nasa_power
2020-12-11,3.0,nasa_power
2020-12-12,3.31,nasa_power
2020-12-13,3.27,nasa_power
2020-12-14,2.94,nasa_power
2020-12-15,2.62,nasa_power
2020-12-16,2.81,nasa_power
2020-12-17,1.3,nasa_power
2020-12-18,1.54,nasa_power
2020-12-19,0.75,nasa_power
2020-12-20,0.69,nasa_power
2020-12-21,0.69,nasa_power
2020-12-22,1.23,nasa_power
2020-12-23,0.9,nasa_power
2020-12-24,0.25,nasa_power
2020-12-25,0.66,nasa_power
2020-12-26,0.54,nasa_power
2020-12-27,0.0,nasa_power
2020-12-28,0.0,nasa_power
2020-12-29,0.0,nasa_power
2020-12-30,0.0,nasa_power
2020-12-31,0.0,nasa_power
2021-01-01,0.61,nasa_power
2021-01-02,1.35,nasa_power
2021-01-03,1.0,nasa_power
2021-01-04,1.77,nasa_power
2021-01-05,1.56,nasa_power
2021-01-06,6.84,nasa_power
2021-01-07,2.01,nasa_power
2021-01-08,4.63,nasa_power
2021-01-09,2.94,nasa_power
2021-01-10,2.62,nasa_power
2021-01-11,0.94,nasa_power
2021-01-12,2.07,nasa_power
2021-01-13,2.94,nasa_power
2021-01-14,0.89,nasa_power
2021-01-15,0.62,nasa_power
2021-01-16,1.07,nasa_power
2021-01-17,2.08,nasa_power
2021-01-18,2.48,nasa_power
2021-01-19,3.2,nasa_power
2021-01-20,1.27,nasa_power
2021-01-21,0.02,nasa_power
2021-01-22,0.18,nasa_power
2021-01-23,0.0,nasa_power
2021-01-24,0.0,nasa_power
2021-01-25,0.01,nasa_power
2021-01-26,0.24,nasa_power
2021-01-27,0.58,nasa_power
2021-01-28,0.88,nasa_power
2021-01-29,7.02,nasa_power
2021-01-30,3.71,nasa_power
2021-01-31,0.39,nasa_power
2021-02-01,0.28,nasa_power
2021-02-02,0.16,nasa_power
2021-02-03,0.49,nasa_power
2021-02-04,0.22,nasa_power
2021-02-05,2.27,nasa_power
2021-02-06,0.95,nasa_power
2021-02-07,0.53,nasa_power
2021-02-08,1.55,nasa_power
2021-02-09,1.58,nasa_power
2021-02-10,1.39,nasa_power
2021-02-11,2.94,nasa_power
2021-02-12,4.51,nasa_power
2021-02-13,1.56,nasa_power
2021-02-14,5.59,nasa_power
2021-02-15,10.47,nasa_power
2021-02-16,7.27,nasa_power
2021-02-17,11.85,nasa_power
2021-02-18,3.19,nasa_power
2021-02-19,0.83,nasa_power
2021-02-20,0.25,nasa_power
2021-02-21,0.37,nasa_power
2021-02-22,0.32,nasa_power
2021-02-23,0.45,nasa_power
2021-02-24,1.65,nasa_power
2021-02-25,5.82,nasa_power
2021-02-26,2.09,nasa_power
2021-02-27,3.37,nasa_power
2021-02-28,4.21,nasa_power
2021-03-01,1.51,nasa_power
2021-03-02,1.0,nasa_power
2021-03-03,2.24,nasa_power
2021-03-04,3.57,nasa_power
2021-03-05,3.57,nasa_power
2021-03-06,7.34,nasa_power
2021-03-07,10.38,nasa_power
2021-03-08,4.09,nasa_power
2021-03-09,10.36,nasa_power
2021-03-10,3.48,nasa_power
2021-03-11,4.14,nasa_power
2021-03-12,9.02,nasa_power
2021-03-13,12.07,nasa_power
2021-03-14,12.58,nasa_power
2021-03-15,6.43,nasa_power
2021-03-16,11.36,nasa_power
2021-03-17,25.25,nasa_power
2021-03-18,1.12,nasa_power
2021-03-19,2.08,nasa_power
2021-03-20,2.08,nasa_power
2021-03-21,2.58,nasa_power
2021-03-22,29.41,nasa_power
2021-03-23,10.73,nasa_power
2021-03-24,16.04,nasa_power
2021-03-25,5.7,nasa_power
2021-03-26,3.98,nasa_power
2021-03-27,2.12,nasa_power
2021-03-28,1.6,nasa_power
2021-03-29,1.32,nasa_power
2021-03-30,0.86,nasa_power
2021-03-31,2.35,nasa_power
2021-04-01,0.14,nasa_power
2021-04-02,0.24,nasa_power
2021-04-03,0.39,nasa_power
2021-04-04,0.63,nasa_power
2021-04-05,1.17,nasa_power
2021-04-06,1.05,nasa_power
2021-04-07,0.63,nasa_power
2021-04-08,0.46,nasa_power
2021-04-09,1.89,nasa_power
2021-04-10,0.45,nasa_power
2021-04-11,0.45,nasa_power
2021-04-12,0.4,nasa_power
2021-04-13,0.45,nasa_power
2021-04-14,2.57,nasa_power
2021-04-15,0.28,nasa_power
2021-04-16,10.21,nasa_power
2021-04-17,9.2,nasa_power
2021-04-18,15.97,nasa_power
2021-04-19,4.13,nasa_power
2021-04-20,2.62,nasa_power
2021-04-21,3.59,nasa_power
2021-04-22,4.17,nasa_power
2021-04-23,7.37,nasa_power
2021-04-24,9.85,nasa_power
2021-04-25,5.45,nasa_power
2021-04-26,2.82,nasa_power
2021-04-27,3.57,nasa_power
2021-04-28,5.01,nasa_power
2021-04-29,0.25,nasa_power
2021-04-30,1.13,nasa_power
2021-05-01,0.27,nasa_power
2021-05-02,1.07,nasa_power
2021-05-03,1.16,nasa_power
2021-05-04,0.79,nasa_power
2021-05-05,0.39,nasa_power
2021-05-06,2.21,nasa_power
2021-05-07,1.6,nasa_power
2021-05-08,0.84,nasa_power
2021-05-09,0.28,nasa_power
2021-05-10,0.39,nasa_power
2021-05-11,0.91,nasa_power
2021-05-12,3.93,nasa_power
2021-05-13,6.65,nasa_power
2021-05-14,5.93,nasa_power
2021-05-15,6.15,nasa_power
2021-05-16,2.16,nasa_power
2021-05-17,6.64,nasa_power
2021-05-18,6.94,nasa_power
2021-05-19,2.58,nasa_power
2021-05-20,4.34,nasa_power
2021-05-21,3.29,nasa_power
2021-05-22,2.43,nasa_power
2021-05-23,0.86,nasa_power
2021-05-24,0.74,nasa_power
2021-05-25,5.25,nasa_power
2021-05-26,3.01,nasa_power
2021-05-27,6.2,nasa_power
2021-05-28,4.39,nasa_power
2021-05-29,3.54,nasa_power
2021-05-30,9.79,nasa_power
2021-05-31,9.32,nasa_power
2021-06-01,1.6,nasa_power
2021-06-02,6.06,nasa_power
2021-06-03,2.7,nasa_power
2021-06-04,7.93,nasa_power
2021-06-05,6.53,nasa_power
2021-06-06,3.69,nasa_power
2021-06-07,4.33,nasa_power
2021-06-08,2.83,nasa_power
2021-06-09,3.0,nasa_power
2021-06-10,3.69,nasa_power
2021-06-11,1.09,nasa_power
2021-06-12,1.1,nasa_power
2021-06-13,0.26,nasa_power
2021-06-14,1.97,nasa_power
2021-06-15,2.97,nasa_power
2021-06-16,2.99,nasa_power
2021-06-17,0.23,nasa_power
2021-06-18,1.56,nasa_power
2021-06-19,2.46,nasa_power
2021-06-20,9.15,nasa_power
2021-06-21,5.01,nasa_power
2021-06-22,3.84,nasa_power
2021-06-23,9.64,nasa_power
2021-06-24,2.94,nasa_power
2021-06-25,13.61,nasa_power
2021-06-26,7.7,nasa_power
2021-06-27,1.99,nasa_power
2021-06-28,2.7,nasa_power
2021-06-29,3.22,nasa_power
2021-06-30,5.07,nasa_power
2021-07-01,5.29,nasa_power
2021-07-02,9.99,nasa_power
2021-07-03,27.91,nasa_power
2021-07-04,3.84,nasa_power
2021-07-05,9.89,nasa_power
2021-07-06,14.14,nasa_power
2021-07-07,5.4,nasa_power
2021-07-08,16.06,nasa_power
2021-07-09,13.47,nasa_power
2021-07-10,0.83,nasa_power
2021-07-11,0.87,nasa_power
2021-07-12,2.72,nasa_power
2021-07-13,2.99,nasa_power
2021-07-14,8.02,nasa_power
2021-07-15,25.95,nasa_power
2021-07-16,18.19,nasa_power
2021-07-17,9.07,nasa_power
2021-07-18,0.56,nasa_power
2021-07-19,2.35,nasa_power
2021-07-20,1.25,nasa_power
2021-07-21,0.89,nasa_power
2021-07-22,0.91,nasa_power
2021-07-23,0.56,nasa_power
2021-07-24,0.24,nasa_power
2021-07-25,0.07,nasa_power
2021-07-26,0.14,nasa_power
2021-07-27,0.1,nasa_power
2021-07-28,0.16,nasa_power
2021-07-29,0.14,nasa_power
2021-07-30,2.14,nasa_power
2021-07-31,2.18,nasa_power
2021-08-01,1.61,nasa_power
2021-08-02,0.91,nasa_power
2021-08-03,1.78,nasa_power
2021-08-04,2.59,nasa_power
2021-08-05,1.8,nasa_power
2021-08-06,1.16,nasa_power
2021-08-07,0.67,nasa_power
2021-08-08,1.74,nasa_power
2021-08-09,3.05,nasa_power
2021-08-10,1.92,nasa_power
2021-08-11,3.82,nasa_power
2021-08-12,3.44,nasa_power
2021-08-13,2.06,nasa_power
2021-08-14,0.04,nasa_power
2021-08-15,0.07,nasa_power
2021-08-16,0.08,nasa_power
2021-08-17,0.06,nasa_power
2021-08-18,0.04,nasa_power
2021-08-19,0.5,nasa_power
2021-08-20,3.36,nasa_power
2021-08-21,20.88,nasa_power
2021-08-22,4.0,nasa_power
2021-08-23,1.89,nasa_power
2021-08-24,18.96,nasa_power
2021-08-25,42.43,nasa_power
2021-08-26,0.68,nasa_power
2021-08-27,5.99,nasa_power
2021-08-28,4.59,nasa_power
2021-08-29,8.64,nasa_power
2021-08-30,29.93,nasa_power
2021-08-31,6.22,nasa_power
2021-09-01,6.34,nasa_power
2021-09-02,12.46,nasa_power
2021-09-03,1.43,nasa_power
2021-09-04,3.97,nasa_power
2021-09-05,15.54,nasa_power
2021-09-06,0.93,nasa_power
2021-09-07,0.46,nasa_power
2021-09-08,5.64,nasa_power
2021-09-09,7.91,nasa_power
2021-09-10,6.22,nasa_power
2021-09-11,17.98,nasa_power
2021-09-12,6.03,nasa_power
2021-09-13,7.94,nasa_power
2021-09-14,20.86,nasa_power
2021-09-15,16.67,nasa_power
2021-09-16,7.79,nasa_power
2021-09-17,11.65,nasa_power
2021-09-18,5.06,nasa_power
2021-09-19,5.9,nasa_power
2021-09-20,6.57,nasa_power
2021-09-21,6.16,nasa_power
2021-09-22,17.52,nasa_power
2021-09-23,1.73,nasa_power
2021-09-24,15.6,nasa_power
2021-09-25,76.81,nasa_power
2021-09-26,3.89,nasa_power
2021-09-27,2.81,nasa_power
2021-09-28,8.16,nasa_power
2021-09-29,10.98,nasa_power
2021-09-30,19.24,nasa_power
2021-10-01,25.45,nasa_power
2021-10-02,6.76,nasa_power
2021-10-03,12.6,nasa_power
2021-10-04,8.25,nasa_power
2021-10-05,10.71,nasa_power
2021-10-06,10.89,nasa_power
2021-10-07,9.06,nasa_power
2021-10-08,3.5,nasa_power
2021-10-09,10.88,nasa_power
2021-10-10,15.53,nasa_power
2021-10-11,5.17,nasa_power
2021-10-12,7.69,nasa_power
2021-10-13,8.22,nasa_power
2021-10-14,11.27,nasa_power
2021-10-15,5.45,nasa_power
2021-10-16,7.38,nasa_power
2021-10-17,11.44,nasa_power
2021-10-18,22.2,nasa_power
2021-10-19,16.36,nasa_power
2021-10-20,14.3,nasa_power
2021-10-21,22.92,nasa_power
2021-10-22,29.16,nasa_power
2021-10-23,8.88,nasa_power
2021-10-24,9.81,nasa_power
2021-10-25,12.04,nasa_power
2021-10-26,14.23,nasa_power
2021-10-27,3.7,nasa_power
2021-10-28,5.31,nasa_power
2021-10-29,2.52,nasa_power
2021-10-30,7.46,nasa_power
2021-10-31,6.66,nasa_power
2021-11-01,8.08,nasa_power
2021-11-02,9.04,nasa_power
2021-11-03,3.17,nasa_power
2021-11-04,6.53,nasa_power
2021-11-05,6.24,nasa_power
2021-11-06,1.78,nasa_power
2021-11-07,4.2,nasa_power
2021-11-08,8.39,nasa_power
2021-11-09,4.45,nasa_power
2021-11-10,2.79,nasa_power
2021-11-11,5.98,nasa_power
2021-11-12,2.12,nasa_power
2021-11-13,4.84,nasa_power
2021-11-14,5.14,nasa_power
2021-11-15,3.98,nasa_power
2021-11-16,6.25,nasa_power
2021-11-17,6.44,nasa_power
2021-11-18,7.59,nasa_power
2021-11-19,4.1,nasa_power
2021-11-20,3.04,nasa_power
2021-11-21,4.09,nasa_power
2021-11-22,2.29,nasa_power
2021-11-23,1.26,nasa_power
2021-11-24,0.95,nasa_power
2021-11-25,1.01,nasa_power
2021-11-26,1.9,nasa_power
2021-11-27,4.3,nasa_power
2021-11-28,3.13,nasa_power
2021-11-29,3.57,nasa_power
2021-11-30,1.23,nasa_power
2021-12-01,2.02,nasa_power
2021-12-02,0.25,nasa_power
2021-12-03,0.3,nasa_power
2021-12-04,0.19,nasa_power
2021-12-05,0.63,nasa_power
2021-12-06,0.55,nasa_power
2021-12-07,0.3,nasa_power
2021-12-08,0.76,nasa_power
2021-12-09,0.26,nasa_power
2021-12-10,0.15,nasa_power
2021-12-11,0.25,nasa_power
2021-12-12,0.61,nasa_power
2021-12-13,0.63,nasa_power
2021-12-14,0.21,nasa_power
2021-12-15,0.18,nasa_power
2021-12-16,0.47,nasa_power
2021-12-17,0.4,nasa_power
2021-12-18,0.4,nasa_power
2021-12-19,0.05,nasa_power
2021-12-20,0.02,nasa_power
2021-12-21,0.0,nasa_power
2021-12-22,0.0,nasa_power
2021-12-23,0.03,nasa_power
2021-12-24,0.02,nasa_power
2021-12-25,0.09,nasa_power
2021-12-26,0.15,nasa_power
2021-12-27,1.88,nasa_power
2021-12-28,3.04,nasa_power
2021-12-29,1.16,nasa_power
2021-12-30,1.07,nasa_power
2021-12-31,1.92,nasa_power
2022-01-01,8.51,nasa_power
2022-01-02,24.57,nasa_power
2022-01-03,4.41,nasa_power
2022-01-04,1.68,nasa_power
2022-01-05,0.5,nasa_power
2022-01-06,0.09,nasa_power
2022-01-07,0.1,nasa_power
2022-01-08,0.34,nasa_power
2022-01-09,0.32,nasa_power
2022-01-10,0.22,nasa_power
2022-01-11,0.0,nasa_power
2022-01-12,0.0,nasa_power
2022-01-13,0.0,nasa_power
2022-01-14,0.0,nasa_power
2022-01-15,0.0,nasa_power
2022-01-16,0.0,nasa_power
2022-01-17,0.0,nasa_power
2022-01-18,0.0,nasa_power
2022-01-19,0.0,nasa_power
2022-01-20,0.0,nasa_power
2022-01-21,0.0,nasa_power
2022-01-22,0.0,nasa_power
2022-01-23,0.0,nasa_power
2022-01-24,0.0,nasa_power
2022-01-25,0.0,nasa_power
2022-01-26,0.0,nasa_power
2022-01-27,0.0,nasa_power
2022-01-28,0.0,nasa_power
2022-01-29,0.0,nasa_power
2022-01-30,0.0,nasa_power
2022-01-31,0.0,nasa_power
2022-02-01,0.0,nasa_power
2022-02-02,0.0,nasa_power
2022-02-03,0.0,nasa_power
2022-02-04,0.0,nasa_power
2022-02-05,0.55,nasa_power
2022-02-06,0.3,nasa_power
2022-02-07,0.42,nasa_power
2022-02-08,0.96,nasa_power
2022-02-09,0.51,nasa_power
2022-02-10,0.81,nasa_power
2022-02-11,2.0,nasa_power
2022-02-12,2.17,nasa_power
2022-02-13,2.95,nasa_power
2022-02-14,4.81,nasa_power
2022-02-15,2.0,nasa_power
2022-02-16,0.82,nasa_power
2022-02-17,0.84,nasa_power
2022-02-18,1.33,nasa_power
2022-02-19,1.88,nasa_power
2022-02-20,2.74,nasa_power
2022-02-21,3.41,nasa_power
2022-02-22,2.56,nasa_power
2022-02-23,1.07,nasa_power
2022-02-24,1.33,nasa_power
2022-02-25,4.72,nasa_power
2022-02-26,6.34,nasa_power
2022-02-27,7.81,nasa_power
2022-02-28,3.27,nasa_power
2022-03-01,2.7,nasa_power
2022-03-02,1.58,nasa_power
2022-03-03,1.1,nasa_power
2022-03-04,29.15,nasa_power
2022-03-05,5.11,nasa_power
2022-03-06,1.41,nasa_power
2022-03-07,3.47,nasa_power
2022-03-08,2.55,nasa_power
2022-03-09,8.36,nasa_power
2022-03-10,13.3,nasa_power
2022-03-11,1.19,nasa_power
2022-03-12,3.88,nasa_power
2022-03-13,4.32,nasa_power
2022-03-14,6.15,nasa_power
2022-03-15,5.65,nasa_power
2022-03-16,1.38,nasa_power
2022-03-17,1.74,nasa_power
2022-03-18,2.04,nasa_power
2022-03-19,2.43,nasa_power
2022-03-20,2.63,nasa_power
2022-03-21,2.23,nasa_power
2022-03-22,3.28,nasa_power
2022-03-23,5.39,nasa_power
2022-03-24,8.78,nasa_power
2022-03-25,5.07,nasa_power
2022-03-26,2.3,nasa_power
2022-03-27,3.88,nasa_power
2022-03-28,3.85,nasa_power
2022-03-29,6.41,nasa_power
2022-03-30,9.24,nasa_power
2022-03-31,4.87,nasa_power
2022-04-01,9.43,nasa_power
2022-04-02,3.4,nasa_power
2022-04-03,2.45,nasa_power
2022-04-04,2.67,nasa_power
2022-04-05,4.93,nasa_power
2022-04-06,5.63,nasa_power
2022-04-07,3.33,nasa_power
2022-04-08,8.19,nasa_power
2022-04-09,5.58,nasa_power
2022-04-10,2.19,nasa_power
2022-04-11,2.96,nasa_power
2022-04-12,4.1,nasa_power
2022-04-13,7.75,nasa_power
2022-04-14,2.04,nasa_power
2022-04-15,9.39,nasa_power
2022-04-16,19.08,nasa_power
2022-04-17,6.4,nasa_power
2022-04-18,8.18,nasa_power
2022-04-19,1.54,nasa_power
2022-04-20,1.2,nasa_power
2022-04-21,13.55,nasa_power
2022-04-22,2.91,nasa_power
2022-04-23,4.84,nasa_power
2022-04-24,27.76,nasa_power
2022-04-25,4.9,nasa_power
2022-04-26,1.93,nasa_power
2022-04-27,3.6,nasa_power
2022-04-28,6.79,nasa_power
2022-04-29,1.9,nasa_power
2022-04-30,2.92,nasa_power
2022-05-01,17.46,nasa_power
2022-05-02,10.68,nasa_power
2022-05-03,12.62,nasa_power
2022-05-04,13.66,nasa_power
2022-05-05,6.0,nasa_power
2022-05-06,3.57,nasa_power
2022-05-07,1.18,nasa_power
2022-05-08,5.93,nasa_power
2022-05-09,8.86,nasa_power
2022-05-10,5.91,nasa_power
2022-05-11,8.4,nasa_power
2022-05-12,1.64,nasa_power
2022-05-13,1.8,nasa_power
2022-05-14,5.07,nasa_power
2022-05-15,1.48,nasa_power
2022-05-16,4.9,nasa_power
2022-05-17,7.48,nasa_power
2022-05-18,3.7,nasa_power
2022-05-19,12.26,nasa_power
2022-05-20,2.83,nasa_power
2022-05-21,56.29,nasa_power
2022-05-22,21.49,nasa_power
2022-05-23,1.1,nasa_power
2022-05-24,4.41,nasa_power
2022-05-25,3.93,nasa_power
2022-05-26,5.31,nasa_power
2022-05-27,2.77,nasa_power
2022-05-28,1.78,nasa_power
2022-05-29,2.67,nasa_power
2022-05-30,4.13,nasa_power
2022-05-31,7.71,nasa_power
2022-06-01,1.39,nasa_power
2022-06-02,2.12,nasa_power
2022-06-03,5.26,nasa_power
2022-06-04,4.81,nasa_power
2022-06-05,1.7,nasa_power
2022-06-06,3.59,nasa_power
2022-06-07,0.03,nasa_power
2022-06-08,0.54,nasa_power
2022-06-09,2.72,nasa_power
2022-06-10,7.78,nasa_power
2022-06-11,6.23,nasa_power
2022-06-12,0.33,nasa_power
2022-06-13,1.09,nasa_power
2022-06-14,5.98,nasa_power
2022-06-15,16.02,nasa_power
2022-06-16,12.9,nasa_power
2022-06-17,23.03,nasa_power
2022-06-18,21.36,nasa_power
2022-06-19,24.52,nasa_power
2022-06-20,4.75,nasa_power
2022-06-21,10.14,nasa_power
2022-06-22,17.1,nasa_power
2022-06-23,14.71,nasa_power
2022-06-24,20.47,nasa_power
2022-06-25,18.6,nasa_power
2022-06-26,6.53,nasa_power
2022-06-27,19.84,nasa_power
2022-06-28,14.22,nasa_power
2022-06-29,13.21,nasa_power
2022-06-30,2.1,nasa_power
2022-07-01,1.69,nasa_power
2022-07-02,0.65,nasa_power
2022-07-03,0.69,nasa_power
2022-07-04,1.8,nasa_power
2022-07-05,6.55,nasa_power
2022-07-06,2.73,nasa_power
2022-07-07,4.88,nasa_power
2022-07-08,9.68,nasa_power
2022-07-09,5.27,nasa_power
2022-07-10,0.26,nasa_power
2022-07-11,1.9,nasa_power
2022-07-12,2.38,nasa_power
2022-07-13,2.9,nasa_power
2022-07-14,1.86,nasa_power
2022-07-15,4.33,nasa_power
2022-07-16,4.7,nasa_power
2022-07-17,2.99,nasa_power
2022-07-18,0.46,nasa_power
2022-07-19,0.23,nasa_power
2022-07-20,0.02,nasa_power
2022-07-21,0.01,nasa_power
2022-07-22,0.08,nasa_power
2022-07-23,0.32,nasa_power
2022-07-24,0.04,nasa_power
2022-07-25,1.34,nasa_power
2022-07-26,8.71,nasa_power
2022-07-27,4.63,nasa_power
2022-07-28,1.41,nasa_power
2022-07-29,0.3,nasa_power
2022-07-30,1.76,nasa_power
2022-07-31,6.2,nasa_power
2022-08-01,8.9,nasa_power
2022-08-02,1.62,nasa_power
2022-08-03,2.66,nasa_power
2022-08-04,0.05,nasa_power
2022-08-05,0.02,nasa_power
2022-08-06,0.03,nasa_power
2022-08-07,0.02,nasa_power
2022-08-08,0.07,nasa_power
2022-08-09,0.16,nasa_power
2022-08-10,0.09,nasa_power
2022-08-11,0.02,nasa_power
2022-08-12,0.13,nasa_power
2022-08-13,0.46,nasa_power
2022-08-14,2.77,nasa_power
2022-08-15,2.87,nasa_power
2022-08-16,0.81,nasa_power
2022-08-17,0.18,nasa_power
2022-08-18,0.08,nasa_power
2022-08-19,3.3,nasa_power
2022-08-20,1.44,nasa_power
2022-08-21,0.25,nasa_power
2022-08-22,2.85,nasa_power
2022-08-23,6.98,nasa_power
2022-08-24,2.23,nasa_power
2022-08-25,0.2,nasa_power
2022-08-26,3.49,nasa_power
2022-08-27,25.11,nasa_power
2022-08-28,3.73,nasa_power
2022-08-29,0.61,nasa_power
2022-08-30,4.56,nasa_power
2022-08-31,14.28,nasa_power
2022-09-01,3.3,nasa_power
2022-09-02,0.83,nasa_power
2022-09-03,1.87,nasa_power
2022-09-04,3.84,nasa_power
2022-09-05,7.65,nasa_power
2022-09-06,3.0,nasa_power
2022-09-07,2.32,nasa_power
2022-09-08,5.92,nasa_power
2022-09-09,1.64,nasa_power
2022-09-10,2.84,nasa_power
2022-09-11,0.76,nasa_power
2022-09-12,4.63,nasa_power
2022-09-13,1.6,nasa_power
2022-09-14,1.63,nasa_power
2022-09-15,4.53,nasa_power
2022-09-16,27.89,nasa_power
2022-09-17,1.67,nasa_power
2022-09-18,8.25,nasa_power
2022-09-19,11.47,nasa_power
2022-09-20,8.49,nasa_power
2022-09-21,8.42,nasa_power
2022-09-22,9.38,nasa_power
2022-09-23,7.18,nasa_power
2022-09-24,9.75,nasa_power
2022-09-25,20.99,nasa_power
2022-09-26,42.93,nasa_power
2022-09-27,12.08,nasa_power
2022-09-28,18.52,nasa_power
2022-09-29,4.58,nasa_power
2022-09-30,5.24,nasa_power
2022-10-01,33.96,nasa_power
2022-10-02,12.02,nasa_power
2022-10-03,3.04,nasa_power
2022-10-04,2.83,nasa_power
2022-10-05,6.68,nasa_power
2022-10-06,8.53,nasa_power
2022-10-07,8.78,nasa_power
2022-10-08,4.89,nasa_power
2022-10-09,10.51,nasa_power
2022-10-10,6.79,nasa_power
2022-10-11,2.4,nasa_power
2022-10-12,4.93,nasa_power
2022-10-13,7.82,nasa_power
2022-10-14,33.91,nasa_power
2022-10-15,3.3,nasa_power
2022-10-16,4.31,nasa_power
2022-10-17,1.5,nasa_power
2022-10-18,7.99,nasa_power
2022-10-19,11.1,nasa_power
2022-10-20,10.38,nasa_power
2022-10-21,14.64,nasa_power
2022-10-22,13.14,nasa_power
2022-10-23,16.37,nasa_power
2022-10-24,9.73,nasa_power
2022-10-25,23.18,nasa_power
2022-10-26,2.06,nasa_power
2022-10-27,4.46,nasa_power
2022-10-28,6.21,nasa_power
2022-10-29,3.33,nasa_power
2022-10-30,5.9,nasa_power
2022-10-31,6.15,nasa_power
2022-11-01,5.63,nasa_power
2022-11-02,3.2,nasa_power
2022-11-03,0.86,nasa_power
2022-11-04,1.0,nasa_power
2022-11-05,2.06,nasa_power
2022-11-06,2.08,nasa_power
2022-11-07,1.94,nasa_power
2022-11-08,2.94,nasa_power
2022-11-09,11.67,nasa_power
2022-11-10,15.23,nasa_power
2022-11-11,13.03,nasa_power
2022-11-12,6.97,nasa_power
2022-11-13,2.21,nasa_power
2022-11-14,4.32,nasa_power
2022-11-15,2.53,nasa_power
2022-11-16,1.93,nasa_power
2022-11-17,1.66,nasa_power
2022-11-18,3.85,nasa_power
2022-11-19,12.88,nasa_power
2022-11-20,11.3,nasa_power
2022-11-21,6.54,nasa_power
2022-11-22,2.98,nasa_power
2022-11-23,2.05,nasa_power
2022-11-24,2.2,nasa_power
2022-11-25,0.72,nasa_power
2022-11-26,1.55,nasa_power
2022-11-27,2.08,nasa_power
2022-11-28,4.15,nasa_power
2022-11-29,3.73,nasa_power
2022-11-30,1.59,nasa_power
2022-12-01,13.53,nasa_power
2022-12-02,5.51,nasa_power
2022-12-03,3.57,nasa_power
2022-12-04,0.77,nasa_power
2022-12-05,1.17,nasa_power
2022-12-06,1.5,nasa_power
2022-12-07,1.01,nasa_power
2022-12-08,1.68,nasa_power
2022-12-09,0.38,nasa_power
2022-12-10,0.42,nasa_power
2022-12-11,1.09,nasa_power
2022-12-12,0.72,nasa_power
2022-12-13,0.21,nasa_power
2022-12-14,0.37,nasa_power
2022-12-15,0.77,nasa_power
2022-12-16,0.71,nasa_power
2022-12-17,1.39,nasa_power
2022-12-18,2.21,nasa_power
2022-12-19,0.72,nasa_power
2022-12-20,0.93,nasa_power
2022-12-21,0.17,nasa_power
2022-12-22,0.0,nasa_power
2022-12-23,0.0,nasa_power
2022-12-24,0.0,nasa_power
2022-12-25,0.0,nasa_power
2022-12-26,0.0,nasa_power
2022-12-27,0.0,nasa_power
2022-12-28,0.0,nasa_power
2022-12-29,0.0,nasa_power
2022-12-30,0.0,nasa_power
2022-12-31,0.0,nasa_power
2023-01-01,0.0,nasa_power
2023-01-02,0.0,nasa_power
2023-01-03,0.0,nasa_power
2023-01-04,0.0,nasa_power
2023-01-05,0.0,nasa_power
2023-01-06,0.0,nasa_power
2023-01-07,0.01,nasa_power
2023-01-08,0.01,nasa_power
2023-01-09,0.01,nasa_power
2023-01-10,0.02,nasa_power
2023-01-11,0.03,nasa_power
2023-01-12,0.02,nasa_power
2023-01-13,0.02,nasa_power
2023-01-14,0.0,nasa_power
2023-01-15,0.04,nasa_power
2023-01-16,0.01,nasa_power
2023-01-17,0.01,nasa_power
2023-01-18,0.01,nasa_power
2023-01-19,0.02,nasa_power
2023-01-20,0.03,nasa_power
2023-01-21,2.4,nasa_power
2023-01-22,3.7,nasa_power
2023-01-23,3.99,nasa_power
2023-01-24,3.41,nasa_power
2023-01-25,1.73,nasa_power
2023-01-26,0.39,nasa_power
2023-01-27,0.56,nasa_power
2023-01-28,0.87,nasa_power
2023-01-29,0.48,nasa_power
2023-01-30,0.21,nasa_power
2023-01-31,1.51,nasa_power
2023-02-01,0.21,nasa_power
2023-02-02,0.87,nasa_power
2023-02-03,0.64,nasa_power
2023-02-04,2.3,nasa_power
2023-02-05,17.83,nasa_power
2023-02-06,0.17,nasa_power
2023-02-07,0.39,nasa_power
2023-02-08,0.72,nasa_power
2023-02-09,0.8,nasa_power
2023-02-10,0.18,nasa_power
2023-02-11,0.12,nasa_power
2023-02-12,0.29,nasa_power
2023-02-13,0.29,nasa_power
2023-02-14,0.3,nasa_power
2023-02-15,0.0,nasa_power
2023-02-16,0.0,nasa_power
2023-02-17,0.0,nasa_power
2023-02-18,0.0,nasa_power
2023-02-19,0.0,nasa_power
2023-02-20,0.01,nasa_power
2023-02-21,0.03,nasa_power
2023-02-22,0.06,nasa_power
2023-02-23,0.1,nasa_power
2023-02-24,0.07,nasa_power
2023-02-25,3.87,nasa_power
2023-02-26,3.31,nasa_power
2023-02-27,2.59,nasa_power
2023-02-28,3.74,nasa_power
2023-03-01,5.66,nasa_power
2023-03-02,5.41,nasa_power
2023-03-03,3.94,nasa_power
2023-03-04,3.27,nasa_power
2023-03-05,1.47,nasa_power
2023-03-06,2.82,nasa_power
2023-03-07,24.97,nasa_power
2023-03-08,3.99,nasa_power
2023-03-09,14.59,nasa_power
2023-03-10,3.96,nasa_power
2023-03-11,18.88,nasa_power
2023-03-12,0.9,nasa_power
2023-03-13,0.2,nasa_power
2023-03-14,0.53,nasa_power
2023-03-15,0.94,nasa_power
2023-03-16,1.0,nasa_power
2023-03-17,5.82,nasa_power
2023-03-18,5.63,nasa_power
2023-03-19,0.62,nasa_power
2023-03-20,2.29,nasa_power
2023-03-21,4.24,nasa_power
2023-03-22,3.79,nasa_power
2023-03-23,2.89,nasa_power
2023-03-24,8.87,nasa_power
2023-03-25,0.94,nasa_power
2023-03-26,3.21,nasa_power
2023-03-27,5.29,nasa_power
2023-03-28,1.25,nasa_power
2023-03-29,2.8,nasa_power
2023-03-30,3.43,nasa_power
2023-03-31,5.23,nasa_power
2023-04-01,1.23,nasa_power
2023-04-02,1.4,nasa_power
2023-04-03,2.08,nasa_power
2023-04-04,2.06,nasa_power
2023-04-05,1.54,nasa_power
2023-04-06,2.78,nasa_power
2023-04-07,5.89,nasa_power
2023-04-08,7.24,nasa_power
2023-04-09,3.7,nasa_power
2023-04-10,1.01,nasa_power
2023-04-11,2.99,nasa_power
2023-04-12,5.27,nasa_power
2023-04-13,6.87,nasa_power
2023-04-14,7.29,nasa_power
2023-04-15,12.46,nasa_power
2023-04-16,7.49,nasa_power
2023-04-17,5.94,nasa_power
2023-04-18,5.11,nasa_power
2023-04-19,9.8,nasa_power
2023-04-20,1.37,nasa_power
2023-04-21,1.26,nasa_power
2023-04-22,3.27,nasa_power
2023-04-23,5.03,nasa_power
2023-04-24,8.82,nasa_power
2023-04-25,7.07,nasa_power
2023-04-26,1.92,nasa_power
2023-04-27,2.08,nasa_power
2023-04-28,0.5,nasa_power
2023-04-29,20.83,nasa_power
2023-04-30,5.65,nasa_power
2023-05-01,2.37,nasa_power
2023-05-02,0.97,nasa_power
2023-05-03,5.28,nasa_power
2023-05-04,3.3,nasa_power
2023-05-05,2.22,nasa_power
2023-05-06,6.4,nasa_power
2023-05-07,4.06,nasa_power
2023-05-08,2.28,nasa_power
2023-05-09,9.55,nasa_power
2023-05-10,14.96,nasa_power
2023-05-11,3.27,nasa_power
2023-05-12,8.15,nasa_power
2023-05-13,4.76,nasa_power
2023-05-14,6.67,nasa_power
2023-05-15,13.18,nasa_power
2023-05-16,9.6,nasa_power
2023-05-17,4.55,nasa_power
2023-05-18,15.39,nasa_power
2023-05-19,2.84,nasa_power
2023-05-20,5.9,nasa_power
2023-05-21,3.72,nasa_power
2023-05-22,6.76,nasa_power
2023-05-23,7.88,nasa_power
2023-05-24,7.07,nasa_power
2023-05-25,7.55,nasa_power
2023-05-26,1.42,nasa_power
2023-05-27,3.05,nasa_power
2023-05-28,1.18,nasa_power
2023-05-29,2.75,nasa_power
2023-05-30,0.73,nasa_power
2023-05-31,5.14,nasa_power
2023-06-01,7.24,nasa_power
2023-06-02,34.8,nasa_power
2023-06-03,6.76,nasa_power
2023-06-04,1.8,nasa_power
2023-06-05,1.58,nasa_power
2023-06-06,3.0,nasa_power
2023-06-07,7.19,nasa_power
2023-06-08,4.12,nasa_power
2023-06-09,3.45,nasa_power
2023-06-10,41.22,nasa_power
2023-06-11,12.68,nasa_power
2023-06-12,0.56,nasa_power
2023-06-13,0.22,nasa_power
2023-06-14,3.88,nasa_power
2023-06-15,8.19,nasa_power
2023-06-16,1.63,nasa_power
2023-06-17,1.32,nasa_power
2023-06-18,6.54,nasa_power
2023-06-19,4.53,nasa_power
2023-06-20,17.05,nasa_power
2023-06-21,54.71,nasa_power
2023-06-22,15.32,nasa_power
2023-06-23,40.37,nasa_power
2023-06-24,60.03,nasa_power
2023-06-25,3.34,nasa_power
2023-06-26,1.27,nasa_power
2023-06-27,1.86,nasa_power
2023-06-28,2.5,nasa_power
2023-06-29,2.77,nasa_power
2023-06-30,5.31,nasa_power
2023-07-01,13.84,nasa_power
2023-07-02,25.31,nasa_power
2023-07-03,15.09,nasa_power
2023-07-04,18.67,nasa_power
2023-07-05,13.16,nasa_power
2023-07-06,7.64,nasa_power
2023-07-07,8.01,nasa_power
2023-07-08,23.05,nasa_power
2023-07-09,9.77,nasa_power
2023-07-10,8.65,nasa_power
2023-07-11,7.17,nasa_power
2023-07-12,10.69,nasa_power
2023-07-13,8.13,nasa_power
2023-07-14,3.64,nasa_power
2023-07-15,11.49,nasa_power
2023-07-16,60.25,nasa_power
2023-07-17,11.01,nasa_power
2023-07-18,5.65,nasa_power
2023-07-19,3.66,nasa_power
2023-07-20,3.36,nasa_power
2023-07-21,3.62,nasa_power
2023-07-22,6.75,nasa_power
2023-07-23,7.45,nasa_power
2023-07-24,2.17,nasa_power
2023-07-25,1.2,nasa_power
2023-07-26,2.95,nasa_power
2023-07-27,9.14,nasa_power
2023-07-28,7.56,nasa_power
2023-07-29,2.9,nasa_power
2023-07-30,4.07,nasa_power
2023-07-31,7.27,nasa_power
2023-08-01,13.07,nasa_power
2023-08-02,2.21,nasa_power
2023-08-03,2.09,nasa_power
2023-08-04,1.75,nasa_power
2023-08-05,2.49,nasa_power
2023-08-06,2.55,nasa_power
2023-08-07,1.32,nasa_power
2023-08-08,3.03,nasa_power
2023-08-09,1.71,nasa_power
2023-08-10,0.67,nasa_power
2023-08-11,0.26,nasa_power
2023-08-12,0.59,nasa_power
2023-08-13,1.16,nasa_power
2023-08-14,3.18,nasa_power
2023-08-15,3.71,nasa_power
2023-08-16,4.9,nasa_power
2023-08-17,18.22,nasa_power
2023-08-18,49.46,nasa_power
2023-08-19,12.41,nasa_power
2023-08-20,15.34,nasa_power
2023-08-21,3.78,nasa_power
2023-08-22,2.11,nasa_power
2023-08-23,5.47,nasa_power
2023-08-24,7.89,nasa_power
2023-08-25,1.29,nasa_power
2023-08-26,1.54,nasa_power
2023-08-27,1.2,nasa_power
2023-08-28,1.59,nasa_power
2023-08-29,1.33,nasa_power
2023-08-30,3.53,nasa_power
2023-08-31,1.91,nasa_power
2023-09-01,2.52,nasa_power
2023-09-02,9.04,nasa_power
2023-09-03,4.8,nasa_power
2023-09-04,0.51,nasa_power
2023-09-05,1.64,nasa_power
2023-09-06,1.82,nasa_power
2023-09-07,2.59,nasa_power
2023-09-08,5.41,nasa_power
2023-09-09,27.39,nasa_power
2023-09-10,0.93,nasa_power
2023-09-11,5.07,nasa_power
2023-09-12,42.25,nasa_power
2023-09-13,3.19,nasa_power
2023-09-14,2.34,nasa_power
2023-09-15,3.35,nasa_power
2023-09-16,6.37,nasa_power
2023-09-17,5.21,nasa_power
2023-09-18,9.16,nasa_power
2023-09-19,8.66,nasa_power
2023-09-20,11.43,nasa_power
2023-09-21,9.23,nasa_power
2023-09-22,13.12,nasa_power
2023-09-23,5.12,nasa_power
2023-09-24,2.1,nasa_power
2023-09-25,2.14,nasa_power
2023-09-26,0.63,nasa_power
2023-09-27,1.64,nasa_power
2023-09-28,2.57,nasa_power
2023-09-29,4.01,nasa_power
2023-09-30,23.84,nasa_power
2023-10-01,24.03,nasa_power
2023-10-02,2.16,nasa_power
2023-10-03,4.36,nasa_power
2023-10-04,7.03,nasa_power
2023-10-05,57.78,nasa_power
2023-10-06,14.36,nasa_power
2023-10-07,3.32,nasa_power
2023-10-08,16.25,nasa_power
2023-10-09,7.23,nasa_power
2023-10-10,6.76,nasa_power
2023-10-11,8.67,nasa_power
2023-10-12,12.8,nasa_power
2023-10-13,3.9,nasa_power
2023-10-14,10.62,nasa_power
2023-10-15,13.83,nasa_power
2023-10-16,14.17,nasa_power
2023-10-17,8.36,nasa_power
2023-10-18,2.07,nasa_power
2023-10-19,6.52,nasa_power
2023-10-20,6.67,nasa_power
2023-10-21,10.63,nasa_power
2023-10-22,4.12,nasa_power
2023-10-23,9.7,nasa_power
2023-10-24,4.06,nasa_power
2023-10-25,1.92,nasa_power
2023-10-26,4.18,nasa_power
2023-10-27,2.24,nasa_power
2023-10-28,2.87,nasa_power
2023-10-29,12.57,nasa_power
2023-10-30,10.17,nasa_power
2023-10-31,8.87,nasa_power
2023-11-01,7.93,nasa_power
2023-11-02,2.43,nasa_power
2023-11-03,7.06,nasa_power
2023-11-04,7.15,nasa_power
2023-11-05,2.56,nasa_power
2023-11-06,13.66,nasa_power
2023-11-07,9.57,nasa_power
2023-11-08,13.17,nasa_power
2023-11-09,7.71,nasa_power
2023-11-10,5.85,nasa_power
2023-11-11,9.42,nasa_power
2023-11-12,1.95,nasa_power
2023-11-13,2.34,nasa_power
2023-11-14,3.12,nasa_power
2023-11-15,3.51,nasa_power
2023-11-16,2.39,nasa_power
2023-11-17,2.26,nasa_power
2023-11-18,2.92,nasa_power
2023-11-19,2.81,nasa_power
2023-11-20,2.79,nasa_power
2023-11-21,2.8,nasa_power
2023-11-22,11.57,nasa_power
2023-11-23,9.35,nasa_power
2023-11-24,13.18,nasa_power
2023-11-25,27.45,nasa_power
2023-11-26,14.75,nasa_power
2023-11-27,0.4,nasa_power
2023-11-28,8.9,nasa_power
2023-11-29,8.52,nasa_power
2023-11-30,3.85,nasa_power
2023-12-01,8.3,nasa_power
2023-12-02,0.74,nasa_power
2023-12-03,0.62,nasa_power
2023-12-04,0.28,nasa_power
2023-12-05,0.27,nasa_power
2023-12-06,0.21,nasa_power
2023-12-07,2.2,nasa_power
2023-12-08,1.75,nasa_power
2023-12-09,0.09,nasa_power
2023-12-10,0.31,nasa_power
2023-12-11,0.22,nasa_power
2023-12-12,0.21,nasa_power
2023-12-13,0.08,nasa_power
2023-12-14,0.04,nasa_power
2023-12-15,0.0,nasa_power
2023-12-16,0.01,nasa_power
2023-12-17,0.0,nasa_power
2023-12-18,0.0,nasa_power
2023-12-19,0.0,nasa_power
2023-12-20,0.0,nasa_power
2023-12-21,0.0,nasa_power
2023-12-22,0.0,nasa_power
2023-12-23,0.0,nasa_power
2023-12-24,0.0,nasa_power
2023-12-25,0.0,nasa_power
2023-12-26,0.0,nasa_power
2023-12-27,0.05,nasa_power
2023-12-28,0.24,nasa_power
2023-12-29,0.05,nasa_power
2023-12-30,0.15,nasa_power
2023-12-31,0.23,nasa_power
2024-01-01,0.44,nasa_power
2024-01-02,1.29,nasa_power
2024-01-03,1.1,nasa_power
2024-01-04,0.8,nasa_power
2024-01-05,0.66,nasa_power
2024-01-06,5.51,nasa_power
2024-01-07,4.35,nasa_power
2024-01-08,5.74,nasa_power
2024-01-09,20.09,nasa_power
2024-01-10,11.55,nasa_power
2024-01-11,0.33,nasa_power
2024-01-12,0.19,nasa_power
2024-01-13,0.19,nasa_power
2024-01-14,0.18,nasa_power
2024-01-15,0.77,nasa_power
2024-01-16,0.02,nasa_power
2024-01-17,0.0,nasa_power
2024-01-18,0.0,nasa_power
2024-01-19,0.0,nasa_power
2024-01-20,0.01,nasa_power
2024-01-21,0.66,nasa_power
2024-01-22,0.9,nasa_power
2024-01-23,3.0,nasa_power
2024-01-24,2.33,nasa_power
2024-01-25,1.76,nasa_power
2024-01-26,0.0,nasa_power
2024-01-27,0.0,nasa_power
2024-01-28,0.0,nasa_power
2024-01-29,0.0,nasa_power
2024-01-30,0.0,nasa_power
2024-01-31,0.0,nasa_power
2024-02-01,0.0,nasa_power
2024-02-02,0.0,nasa_power
2024-02-03,0.0,nasa_power
2024-02-04,0.0,nasa_power
2024-02-05,0.0,nasa_power
2024-02-06,0.0,nasa_power
2024-02-07,0.0,nasa_power
2024-02-08,0.0,nasa_power
2024-02-09,0.0,nasa_power
2024-02-10,0.63,nasa_power
2024-02-11,1.3,nasa_power
2024-02-12,3.6,nasa_power
2024-02-13,3.01,nasa_power
2024-02-14,2.01,nasa_power
2024-02-15,5.41,nasa_power
2024-02-16,1.38,nasa_power
2024-02-17,3.19,nasa_power
2024-02-18,3.04,nasa_power
2024-02-19,6.69,nasa_power
2024-02-20,2.51,nasa_power
2024-02-21,3.63,nasa_power
2024-02-22,3.53,nasa_power
2024-02-23,2.47,nasa_power
2024-02-24,0.85,nasa_power
2024-02-25,0.38,nasa_power
2024-02-26,0.43,nasa_power
2024-02-27,0.55,nasa_power
2024-02-28,0.86,nasa_power
2024-02-29,0.37,nasa_power
2024-03-01,2.56,nasa_power
2024-03-02,11.51,nasa_power
2024-03-03,19.97,nasa_power
2024-03-04,2.05,nasa_power
2024-03-05,7.24,nasa_power
2024-03-06,10.4,nasa_power
2024-03-07,1.83,nasa_power
2024-03-08,1.36,nasa_power
2024-03-09,1.62,nasa_power
2024-03-10,0.36,nasa_power
2024-03-11,0.71,nasa_power
2024-03-12,21.97,nasa_power
2024-03-13,17.4,nasa_power
2024-03-14,36.45,nasa_power
2024-03-15,5.9,nasa_power
2024-03-16,10.36,nasa_power
2024-03-17,15.38,nasa_power
2024-03-18,29.39,nasa_power
2024-03-19,57.74,nasa_power
2024-03-20,6.89,nasa_power
2024-03-21,13.73,nasa_power
2024-03-22,2.12,nasa_power
2024-03-23,2.78,nasa_power
2024-03-24,0.24,nasa_power
2024-03-25,1.49,nasa_power
2024-03-26,2.3,nasa_power
2024-03-27,0.85,nasa_power
2024-03-28,3.76,nasa_power
2024-03-29,6.83,nasa_power
2024-03-30,2.64,nasa_power
2024-03-31,2.97,nasa_power
2024-04-01,3.71,nasa_power
2024-04-02,4.94,nasa_power
2024-04-03,4.9,nasa_power
2024-04-04,2.13,nasa_power
2024-04-05,8.08,nasa_power
2024-04-06,5.4,nasa_power
2024-04-07,1.23,nasa_power
2024-04-08,14.31,nasa_power
2024-04-09,0.63,nasa_power
2024-04-10,2.89,nasa_power
2024-04-11,0.82,nasa_power
2024-04-12,0.25,nasa_power
2024-04-13,0.79,nasa_power
2024-04-14,1.7,nasa_power
2024-04-15,0.62,nasa_power
2024-04-16,3.74,nasa_power
2024-04-17,1.39,nasa_power
2024-04-18,0.79,nasa_power
2024-04-19,2.14,nasa_power
2024-04-20,0.93,nasa_power
2024-04-21,16.52,nasa_power
2024-04-22,2.35,nasa_power
2024-04-23,22.4,nasa_power
2024-04-24,0.39,nasa_power
2024-04-25,1.58,nasa_power
2024-04-26,3.64,nasa_power
2024-04-27,2.08,nasa_power
2024-04-28,3.4,nasa_power
2024-04-29,7.09,nasa_power
2024-04-30,3.42,nasa_power
2024-05-01,50.48,nasa_power
2024-05-02,0.27,nasa_power
2024-05-03,0.98,nasa_power
2024-05-04,1.27,nasa_power
2024-05-05,3.85,nasa_power
2024-05-06,22.47,nasa_power
2024-05-07,1.94,nasa_power
2024-05-08,0.96,nasa_power
2024-05-09,0.82,nasa_power
2024-05-10,1.8,nasa_power
2024-05-11,10.05,nasa_power
2024-05-12,6.67,nasa_power
2024-05-13,6.36,nasa_power
2024-05-14,3.2,nasa_power
2024-05-15,13.52,nasa_power
2024-05-16,14.36,nasa_power
2024-05-17,0.46,nasa_power
2024-05-18,3.44,nasa_power
2024-05-19,2.6,nasa_power
2024-05-20,4.23,nasa_power
2024-05-21,9.45,nasa_power
2024-05-22,12.37,nasa_power
2024-05-23,7.65,nasa_power
2024-05-24,6.56,nasa_power
2024-05-25,34.1,nasa_power
2024-05-26,2.85,nasa_power
2024-05-27,0.71,nasa_power
2024-05-28,0.98,nasa_power
2024-05-29,2.53,nasa_power
2024-05-30,14.13,nasa_power
2024-05-31,7.51,nasa_power
2024-06-01,14.35,nasa_power
2024-06-02,13.35,nasa_power
2024-06-03,2.05,nasa_power
2024-06-04,3.28,nasa_power
2024-06-05,12.31,nasa_power
2024-06-06,26.21,nasa_power
2024-06-07,17.5,nasa_power
2024-06-08,2.36,nasa_power
2024-06-09,39.94,nasa_power
2024-06-10,9.3,nasa_power
2024-06-11,15.12,nasa_power
2024-06-12,6.23,nasa_power
2024-06-13,40.62,nasa_power
2024-06-14,35.2,nasa_power
2024-06-15,6.14,nasa_power
2024-06-16,3.67,nasa_power
2024-06-17,0.47,nasa_power
2024-06-18,1.78,nasa_power
2024-06-19,2.02,nasa_power
2024-06-20,6.48,nasa_power
2024-06-21,5.06,nasa_power
2024-06-22,3.43,nasa_power
2024-06-23,1.55,nasa_power
2024-06-24,6.64,nasa_power
2024-06-25,25.65,nasa_power
2024-06-26,17.03,nasa_power
2024-06-27,7.22,nasa_power
2024-06-28,12.52,nasa_power
2024-06-29,13.73,nasa_power
2024-06-30,9.69,nasa_power
2024-07-01,0.98,nasa_power
2024-07-02,4.76,nasa_power
2024-07-03,7.96,nasa_power
2024-07-04,2.78,nasa_power
2024-07-05,1.15,nasa_power
2024-07-06,1.44,nasa_power
2024-07-07,5.17,nasa_power
2024-07-08,6.78,nasa_power
2024-07-09,11.07,nasa_power
2024-07-10,3.8,nasa_power
2024-07-11,6.02,nasa_power
2024-07-12,2.82,nasa_power
2024-07-13,0.67,nasa_power
2024-07-14,0.86,nasa_power
2024-07-15,0.51,nasa_power
2024-07-16,0.29,nasa_power
2024-07-17,0.35,nasa_power
2024-07-18,0.48,nasa_power
2024-07-19,0.44,nasa_power
2024-07-20,1.76,nasa_power
2024-07-21,0.9,nasa_power
2024-07-22,0.62,nasa_power
2024-07-23,0.89,nasa_power
2024-07-24,0.76,nasa_power
2024-07-25,0.88,nasa_power
2024-07-26,1.02,nasa_power
2024-07-27,0.97,nasa_power
2024-07-28,1.05,nasa_power
2024-07-29,1.3,nasa_power
2024-07-30,1.07,nasa_power
2024-07-31,1.05,nasa_power
2024-08-01,1.92,nasa_power
2024-08-02,1.29,nasa_power
2024-08-03,0.72,nasa_power
2024-08-04,0.09,nasa_power
2024-08-05,0.08,nasa_power
2024-08-06,0.08,nasa_power
2024-08-07,0.32,nasa_power
2024-08-08,0.22,nasa_power
2024-08-09,0.32,nasa_power
2024-08-10,0.32,nasa_power
2024-08-11,0.37,nasa_power
2024-08-12,1.39,nasa_power
2024-08-13,1.71,nasa_power
2024-08-14,1.78,nasa_power
2024-08-15,0.72,nasa_power
2024-08-16,0.3,nasa_power
2024-08-17,4.8,nasa_power
2024-08-18,0.71,nasa_power
2024-08-19,3.35,nasa_power
2024-08-20,12.91,nasa_power
2024-08-21,5.33,nasa_power
2024-08-22,9.67,nasa_power
2024-08-23,31.29,nasa_power
2024-08-24,6.57,nasa_power
2024-08-25,1.5,nasa_power
2024-08-26,1.89,nasa_power
2024-08-27,2.05,nasa_power
2024-08-28,1.49,nasa_power
2024-08-29,0.42,nasa_power
2024-08-30,1.74,nasa_power
2024-08-31,1.13,nasa_power
2024-09-01,0.91,nasa_power
2024-09-02,0.51,nasa_power
2024-09-03,0.09,nasa_power
2024-09-04,0.27,nasa_power
2024-09-05,0.16,nasa_power
2024-09-06,0.02,nasa_power
2024-09-07,0.17,nasa_power
2024-09-08,2.16,nasa_power
2024-09-09,0.51,nasa_power
2024-09-10,1.56,nasa_power
2024-09-11,2.9,nasa_power
2024-09-12,1.45,nasa_power
2024-09-13,0.82,nasa_power
2024-09-14,2.35,nasa_power
2024-09-15,1.13,nasa_power
2024-09-16,0.85,nasa_power
2024-09-17,1.89,nasa_power
2024-09-18,1.38,nasa_power
2024-09-19,0.91,nasa_power
2024-09-20,0.58,nasa_power
2024-09-21,0.74,nasa_power
2024-09-22,3.07,nasa_power
2024-09-23,7.21,nasa_power
2024-09-24,1.83,nasa_power
2024-09-25,6.43,nasa_power
2024-09-26,8.6,nasa_power
2024-09-27,10.06,nasa_power
2024-09-28,6.16,nasa_power
2024-09-29,7.67,nasa_power
2024-09-30,5.12,nasa_power
2024-10-01,9.99,nasa_power
2024-10-02,4.71,nasa_power
2024-10-03,6.59,nasa_power
2024-10-04,50.48,nasa_power
2024-10-05,28.55,nasa_power
2024-10-06,8.33,nasa_power
2024-10-07,5.32,nasa_power
2024-10-08,8.48,nasa_power
2024-10-09,20.43,nasa_power
2024-10-10,0.35,nasa_power
2024-10-11,13.58,nasa_power
2024-10-12,24.32,nasa_power
2024-10-13,34.81,nasa_power
2024-10-14,10.28,nasa_power
2024-10-15,5.39,nasa_power
2024-10-16,7.9,nasa_power
2024-10-17,13.12,nasa_power
2024-10-18,10.97,nasa_power
2024-10-19,16.11,nasa_power
2024-10-20,10.96,nasa_power
2024-10-21,5.75,nasa_power
2024-10-22,24.5,nasa_power
2024-10-23,13.24,nasa_power
2024-10-24,2.24,nasa_power
2024-10-25,2.9,nasa_power
2024-10-26,7.87,nasa_power
2024-10-27,9.82,nasa_power
2024-10-28,34.79,nasa_power
2024-10-29,14.98,nasa_power
2024-10-30,5.58,nasa_power
2024-10-31,11.15,nasa_power
2024-11-01,8.25,nasa_power
2024-11-02,7.7,nasa_power
2024-11-03,6.96,nasa_power
2024-11-04,5.53,nasa_power
2024-11-05,0.94,nasa_power
2024-11-06,1.21,nasa_power
2024-11-07,1.99,nasa_power
2024-11-08,2.72,nasa_power
2024-11-09,3.53,nasa_power
2024-11-10,4.24,nasa_power
2024-11-11,1.0,nasa_power
2024-11-12,7.86,nasa_power
2024-11-13,4.06,nasa_power
2024-11-14,9.35,nasa_power
2024-11-15,9.02,nasa_power
2024-11-16,1.74,nasa_power
2024-11-17,0.98,nasa_power
2024-11-18,0.02,nasa_power
2024-11-19,0.28,nasa_power
2024-11-20,0.66,nasa_power
2024-11-21,0.45,nasa_power
2024-11-22,1.54,nasa_power
2024-11-23,3.13,nasa_power
2024-11-24,0.14,nasa_power
2024-11-25,0.13,nasa_power
2024-11-26,0.41,nasa_power
2024-11-27,0.03,nasa_power
2024-11-28,0.01,nasa_power
2024-11-29,0.01,nasa_power
2024-11-30,0.0,nasa_power
2024-12-01,0.0,nasa_power
2024-12-02,0.04,nasa_power
2024-12-03,0.15,nasa_power
2024-12-04,0.39,nasa_power
2024-12-05,0.19,nasa_power
2024-12-06,0.28,nasa_power
2024-12-07,0.0,nasa_power
2024-12-08,0.0,nasa_power
2024-12-09,0.0,nasa_power
2024-12-10,0.0,nasa_power
2024-12-11,0.0,nasa_power
2024-12-12,0.21,nasa_power
2024-12-13,0.21,nasa_power
2024-12-14,0.11,nasa_power
2024-12-15,0.08,nasa_power
2024-12-16,0.12,nasa_power
2024-12-17,0.38,nasa_power
2024-12-18,0.29,nasa_power
2024-12-19,0.26,nasa_power
2024-12-20,0.29,nasa_power
2024-12-21,0.04,nasa_power
2024-12-22,0.0,nasa_power
2024-12-23,0.0,nasa_power
2024-12-24,0.0,nasa_power
2024-12-25,0.0,nasa_power
2024-12-26,0.0,nasa_power
2024-12-27,0.05,nasa_power
2024-12-28,0.05,nasa_power
2024-12-29,0.05,nasa_power
2024-12-30,0.04,nasa_power
2024-12-31,0.01,nasa_power
2025-01-01,0.44,nasa_power
2025-01-02,1.04,nasa_power
2025-01-03,2.18,nasa_power
2025-01-04,0.88,nasa_power
2025-01-05,0.32,nasa_power
2025-01-06,0.13,nasa_power
2025-01-07,0.15,nasa_power
2025-01-08,0.4,nasa_power
2025-01-09,0.21,nasa_power
2025-01-10,0.06,nasa_power
2025-01-11,0.0,nasa_power
2025-01-12,0.0,nasa_power
2025-01-13,0.0,nasa_power
2025-01-14,0.0,nasa_power
2025-01-15,0.0,nasa_power
2025-01-16,0.0,nasa_power
2025-01-17,0.0,nasa_power
2025-01-18,0.0,nasa_power
2025-01-19,0.0,nasa_power
2025-01-20,0.0,nasa_power
2025-01-21,3.51,nasa_power
2025-01-22,3.25,nasa_power
2025-01-23,14.98,nasa_power
2025-01-24,1.39,nasa_power
2025-01-25,8.66,nasa_power
2025-01-26,3.4,nasa_power
2025-01-27,2.17,nasa_power
2025-01-28,1.57,nasa_power
2025-01-29,3.39,nasa_power
2025-01-30,1.46,nasa_power
2025-01-31,6.68,nasa_power
2025-02-01,4.65,nasa_power
2025-02-02,4.91,nasa_power
2025-02-03,1.12,nasa_power
2025-02-04,0.93,nasa_power
2025-02-05,0.94,nasa_power
2025-02-06,0.49,nasa_power
2025-02-07,7.19,nasa_power
2025-02-08,3.11,nasa_power
2025-02-09,4.39,nasa_power
2025-02-10,1.04,nasa_power
2025-02-11,2.24,nasa_power
2025-02-12,3.26,nasa_power
2025-02-13,1.51,nasa_power
2025-02-14,1.21,nasa_power
2025-02-15,0.14,nasa_power
2025-02-16,0.18,nasa_power
2025-02-17,1.03,nasa_power
2025-02-18,0.85,nasa_power
2025-02-19,2.86,nasa_power
2025-02-20,4.51,nasa_power
2025-02-21,3.6,nasa_power
2025-02-22,12.51,nasa_power
2025-02-23,9.87,nasa_power
2025-02-24,0.06,nasa_power
2025-02-25,0.19,nasa_power
2025-02-26,0.48,nasa_power
2025-02-27,0.6,nasa_power
2025-02-28,0.36,nasa_power
2025-03-01,2.11,nasa_power
2025-03-02,0.93,nasa_power
2025-03-03,2.49,nasa_power
2025-03-04,1.62,nasa_power
2025-03-05,1.83,nasa_power
2025-03-06,1.11,nasa_power
2025-03-07,1.77,nasa_power
2025-03-08,8.82,nasa_power
2025-03-09,3.45,nasa_power
2025-03-10,3.45,nasa_power
2025-03-11,7.62,nasa_power
2025-03-12,5.14,nasa_power
2025-03-13,5.4,nasa_power
2025-03-14,3.71,nasa_power
2025-03-15,2.01,nasa_power
2025-03-16,4.79,nasa_power
2025-03-17,3.69,nasa_power
2025-03-18,1.83,nasa_power
2025-03-19,4.52,nasa_power
2025-03-20,1.82,nasa_power
2025-03-21,1.0,nasa_power
2025-03-22,1.49,nasa_power
2025-03-23,1.98,nasa_power
2025-03-24,6.63,nasa_power
2025-03-25,5.21,nasa_power
2025-03-26,10.43,nasa_power
2025-03-27,1.0,nasa_power
2025-03-28,1.49,nasa_power
2025-03-29,1.34,nasa_power
2025-03-30,2.43,nasa_power
2025-03-31,6.98,nasa_power
2025-04-01,2.7,nasa_power
2025-04-02,5.56,nasa_power
2025-04-03,5.99,nasa_power
2025-04-04,2.16,nasa_power
2025-04-05,5.36,nasa_power
2025-04-06,2.35,nasa_power
2025-04-07,0.92,nasa_power
2025-04-08,1.99,nasa_power
2025-04-09,4.1,nasa_power
2025-04-10,2.67,nasa_power
2025-04-11,0.72,nasa_power
2025-04-12,0.7,nasa_power
2025-04-13,0.69,nasa_power
2025-04-14,1.09,nasa_power
2025-04-15,2.67,nasa_power
2025-04-16,5.72,nasa_power
2025-04-17,4.41,nasa_power
2025-04-18,3.12,nasa_power
2025-04-19,5.38,nasa_power
2025-04-20,3.21,nasa_power
2025-04-21,2.04,nasa_power
2025-04-22,7.31,nasa_power
2025-04-23,10.02,nasa_power
2025-04-24,1.04,nasa_power
2025-04-25,1.84,nasa_power
2025-04-26,35.3,nasa_power
2025-04-27,1.72,nasa_power
2025-04-28,1.83,nasa_power
2025-04-29,10.26,nasa_power
2025-04-30,3.73,nasa_power
2025-05-01,10.99,nasa_power
2025-05-02,2.96,nasa_power
2025-05-03,5.11,nasa_power
2025-05-04,9.93,nasa_power
2025-05-05,7.67,nasa_power
2025-05-06,3.1,nasa_power
2025-05-07,6.08,nasa_power
2025-05-08,9.02,nasa_power
2025-05-09,17.36,nasa_power
2025-05-10,0.87,nasa_power
2025-05-11,1.69,nasa_power
2025-05-12,2.13,nasa_power
2025-05-13,6.69,nasa_power
2025-05-14,4.31,nasa_power
2025-05-15,2.1,nasa_power
2025-05-16,5.26,nasa_power
2025-05-17,18.81,nasa_power
2025-05-18,20.74,nasa_power
2025-05-19,3.79,nasa_power
2025-05-20,26.51,nasa_power
2025-05-21,10.41,nasa_power
2025-05-22,2.98,nasa_power
2025-05-23,31.83,nasa_power
2025-05-24,7.45,nasa_power
2025-05-25,0.65,nasa_power
2025-05-26,1.96,nasa_power
2025-05-27,1.76,nasa_power
2025-05-28,11.05,nasa_power
2025-05-29,9.33,nasa_power
2025-05-30,1.11,nasa_power
2025-05-31,1.07,nasa_power
2025-06-01,5.16,nasa_power
2025-06-02,6.54,nasa_power
2025-06-03,12.58,nasa_power
2025-06-04,8.81,nasa_power
2025-06-05,5.43,nasa_power
2025-06-06,6.02,nasa_power
2025-06-07,12.26,nasa_power
2025-06-08,12.26,nasa_power
2025-06-09,3.52,nasa_power
2025-06-10,16.17,nasa_power
2025-06-11,24.42,nasa_power
2025-06-12,4.02,nasa_power
2025-06-13,16.14,nasa_power
2025-06-14,20.78,nasa_power
2025-06-15,5.48,nasa_power
2025-06-16,3.79,nasa_power
2025-06-17,8.76,nasa_power
2025-06-18,3.9,nasa_power
2025-06-19,2.33,nasa_power
2025-06-20,5.36,nasa_power
2025-06-21,13.82,nasa_power
2025-06-22,8.35,nasa_power
2025-06-23,7.11,nasa_power
2025-06-24,3.39,nasa_power
2025-06-25,14.26,nasa_power
2025-06-26,29.74,nasa_power
2025-06-27,10.99,nasa_power
2025-06-28,8.62,nasa_power
2025-06-29,7.41,nasa_power
2025-06-30,2.14,nasa_power
2025-07-01,0.39,nasa_power
2025-07-02,0.13,nasa_power
2025-07-03,3.68,nasa_power
2025-07-04,2.66,nasa_power
2025-07-05,1.81,nasa_power
2025-07-06,1.02,nasa_power
2025-07-07,4.11,nasa_power
2025-07-08,8.17,nasa_power
2025-07-09,3.94,nasa_power
2025-07-10,1.47,nasa_power
2025-07-11,1.08,nasa_power
2025-07-12,1.63,nasa_power
2025-07-13,0.88,nasa_power
2025-07-14,0.12,nasa_power
2025-07-15,0.02,nasa_power
2025-07-16,0.23,nasa_power
2025-07-17,0.1,nasa_power
2025-07-18,0.08,nasa_power
2025-07-19,0.06,nasa_power
2025-07-20,2.04,nasa_power
2025-07-21,2.93,nasa_power
2025-07-22,5.14,nasa_power
2025-07-23,3.45,nasa_power
2025-07-24,1.19,nasa_power
2025-07-25,0.03,nasa_power
2025-07-26,0.11,nasa_power
2025-07-27,0.52,nasa_power
2025-07-28,0.24,nasa_power
2025-07-29,0.05,nasa_power
2025-07-30,1.43,nasa_power
2025-07-31,0.45,nasa_power
2025-08-01,2.63,nasa_power
2025-08-02,1.23,nasa_power
2025-08-03,2.06,nasa_power
2025-08-04,2.62,nasa_power
2025-08-05,2.92,nasa_power
2025-08-06,4.76,nasa_power
2025-08-07,12.14,nasa_power
2025-08-08,10.14,nasa_power
2025-08-09,4.41,nasa_power
2025-08-10,8.08,nasa_power
2025-08-11,9.24,nasa_power
2025-08-12,3.94,nasa_power
2025-08-13,2.44,nasa_power
2025-08-14,1.42,nasa_power
2025-08-15,0.46,nasa_power
2025-08-16,1.61,nasa_power
2025-08-17,2.92,nasa_power
2025-08-18,1.41,nasa_power
2025-08-19,0.1,nasa_power
2025-08-20,0.1,nasa_power
2025-08-21,2.79,nasa_power
2025-08-22,0.45,nasa_power
2025-08-23,0.57,nasa_power
2025-08-24,0.82,nasa_power
2025-08-25,0.49,nasa_power
2025-08-26,0.9,nasa_power
2025-08-27,0.77,nasa_power
2025-08-28,0.6,nasa_power
2025-08-29,0.15,nasa_power
2025-08-30,0.15,nasa_power
2025-08-31,0.03,nasa_power
2025-09-01,0.05,nasa_power
2025-09-02,0.05,nasa_power
2025-09-03,1.33,nasa_power
2025-09-04,0.19,nasa_power
2025-09-05,0.14,nasa_power
2025-09-06,0.25,nasa_power
2025-09-07,1.95,nasa_power
2025-09-08,2.22,nasa_power
2025-09-09,1.62,nasa_power
2025-09-10,1.05,nasa_power
2025-09-11,1.82,nasa_power
2025-09-12,5.63,nasa_power
2025-09-13,69.95,nasa_power
2025-09-14,4.34,nasa_power
2025-09-15,12.72,nasa_power
2025-09-16,10.38,nasa_power
2025-09-17,5.96,nasa_power
2025-09-18,9.43,nasa_power
2025-09-19,10.8,nasa_power
2025-09-20,7.78,nasa_power
2025-09-21,5.52,nasa_power
2025-09-22,9.57,nasa_power
2025-09-23,11.49,nasa_power
2025-09-24,7.0,nasa_power
2025-09-25,1.95,nasa_power
2025-09-26,5.1,nasa_power
2025-09-27,14.41,nasa_power
2025-09-28,10.22,nasa_power
2025-09-29,2.95,nasa_power
2025-09-30,5.45,nasa_power
2025-10-01,6.73,nasa_power
2025-10-02,5.01,nasa_power
2025-10-03,5.37,nasa_power
2025-10-04,10.93,nasa_power
2025-10-05,10.24,nasa_power
2025-10-06,5.69,nasa_power
2025-10-07,10.03,nasa_power
2025-10-08,36.75,nasa_power
2025-10-09,11.68,nasa_power
2025-10-10,21.05,nasa_power
2025-10-11,19.6,nasa_power
2025-10-12,18.96,nasa_power
2025-10-13,6.84,nasa_power
2025-10-14,11.15,nasa_power
2025-10-15,10.85,nasa_power
2025-10-16,11.25,nasa_power
2025-10-17,8.74,nasa_power
2025-10-18,5.29,nasa_power
2025-10-19,15.27,nasa_power
2025-10-20,7.9,nasa_power
2025-10-21,3.62,nasa_power
2025-10-22,10.17,nasa_power
2025-10-23,7.53,nasa_power
2025-10-24,9.72,nasa_power
2025-10-25,4.78,nasa_power
2025-10-26,6.57,nasa_power
2025-10-27,5.91,nasa_power
2025-10-28,10.82,nasa_power
2025-10-29,16.97,nasa_power
2025-10-30,7.5,nasa_power
2025-10-31,3.59,nasa_power
2025-11-01,3.42,nasa_power
2025-11-02,2.8,nasa_power
2025-11-03,6.4,nasa_power
2025-11-04,8.46,nasa_power
2025-11-05,14.93,nasa_power
2025-11-06,7.32,nasa_power
2025-11-07,3.88,nasa_power
2025-11-08,1.64,nasa_power
2025-11-09,4.17,nasa_power
2025-11-10,1.72,nasa_power
2025-11-11,1.77,nasa_power
2025-11-12,5.27,nasa_power
2025-11-13,6.07,nasa_power
2025-11-14,3.35,nasa_power
2025-11-15,5.38,nasa_power
2025-11-16,3.72,nasa_power
2025-11-17,2.73,nasa_power
2025-11-18,4.69,nasa_power
2025-11-19,12.15,nasa_power
2025-11-20,4.2,nasa_power
2025-11-21,3.28,nasa_power
2025-11-22,4.03,nasa_power
2025-11-23,5.32,nasa_power
2025-11-24,3.32,nasa_power
2025-11-25,3.12,nasa_power
2025-11-26,5.7,nasa_power
2025-11-27,22.46,nasa_power
2025-11-28,14.04,nasa_power
2025-11-29,18.34,nasa_power
2025-11-30,1.18,nasa_power
2025-12-01,6.61,nasa_power
2025-12-02,5.43,nasa_power
2025-12-03,5.88,nasa_power
2025-12-04,4.5,nasa_power
2025-12-05,1.66,nasa_power
2025-12-06,1.01,nasa_power
2025-12-07,3.95,nasa_power
2025-12-08,4.05,nasa_power
2025-12-09,2.83,nasa_power
2025-12-10,2.74,nasa_power
2025-12-11,6.56,nasa_power
2025-12-12,0.81,nasa_power
2025-12-13,3.46,nasa_power
2025-12-14,1.72,nasa_power
2025-12-15,0.31,nasa_power
2025-12-16,0.48,nasa_power
2025-12-17,0.77,nasa_power
2025-12-18,1.32,nasa_power
2025-12-19,0.18,nasa_power
2025-12-20,1.81,nasa_power
2025-12-21,3.05,nasa_power
2025-12-22,3.34,nasa_power
2025-12-23,6.69,nasa_power
2025-12-24,2.99,nasa_power
2025-12-25,1.02,nasa_power
2025-12-26,8.24,nasa_power
2025-12-27,5.22,nasa_power
2025-12-28,3.98,nasa_power
2025-12-29,2.68,nasa_power
2025-12-30,2.83,nasa_power
2025-12-31,3.45,nasa_power
2026-01-01,3.64,nasa_power
2026-01-02,6.25,nasa_power
2026-01-03,1.13,nasa_power
2026-01-04,1.71,nasa_power
2026-01-05,0.67,nasa_power
2026-01-06,1.98,nasa_power
2026-01-07,1.57,nasa_power
2026-01-08,1.13,nasa_power
2026-01-09,0.84,nasa_power
2026-01-10,1.37,nasa_power
2026-01-11,0.68,nasa_power
2026-01-12,0.57,nasa_power
2026-01-13,0.24,nasa_power
2026-01-14,0.59,nasa_power
2026-01-15,1.26,nasa_power
2026-01-16,0.63,nasa_power
2026-01-17,0.36,nasa_power
2026-01-18,0.76,nasa_power
2026-01-19,0.29,nasa_power
2026-01-20,1.97,nasa_power
2026-01-21,0.0,nasa_power
2026-01-22,0.0,nasa_power
2026-01-23,0.0,nasa_power
2026-01-24,0.0,nasa_power
2026-01-25,0.0,nasa_power
2026-01-26,0.0,nasa_power
2026-01-27,0.0,nasa_power
2026-01-28,0.0,nasa_power
2026-01-29,0.0,nasa_power
2026-01-30,0.01,nasa_power
2026-01-31,5.07,nasa_power
2026-02-01,4.72,nasa_power
2026-02-02,4.37,nasa_power
2026-02-03,9.89,nasa_power
2026-02-04,1.04,nasa_power
2026-02-05,8.72,nasa_power
2026-02-06,16.25,nasa_power
2026-02-07,10.0,nasa_power
2026-02-08,8.17,nasa_power
2026-02-09,22.86,nasa_power
2026-02-10,20.93,nasa_power
2026-02-11,0.76,nasa_power
2026-02-12,2.63,nasa_power
2026-02-13,5.08,nasa_power
2026-02-14,10.48,nasa_power
2026-02-15,0.09,nasa_power
2026-02-16,0.06,nasa_power
2026-02-17,0.25,nasa_power
2026-02-18,0.07,nasa_power
2026-02-19,0.04,nasa_power
2026-02-20,0.48,nasa_power
2026-02-21,0.75,nasa_power
2026-02-22,1.64,nasa_power
2026-02-23,2.41,nasa_power
2026-02-24,1.64,nasa_power
2026-02-25,8.25,nasa_power
2026-02-26,7.34,nasa_power
2026-02-27,4.91,nasa_power
2026-02-28,7.99,nasa_power
2026-03-01,15.4,nasa_power
2026-03-02,4.19,nasa_power
2026-03-03,3.51,nasa_power
2026-03-04,6.99,nasa_power
2026-03-05,0.75,nasa_power
2026-03-06,5.1,nasa_power
2026-03-07,7.98,nasa_power
2026-03-08,3.91,nasa_power
2026-03-09,7.69,nasa_power
2026-03-10,5.52,nasa_power
2026-03-11,4.17,nasa_power
2026-03-12,2.18,nasa_power
2026-03-13,9.08,nasa_power
2026-03-14,8.57,nasa_power
2026-03-15,7.95,nasa_power
2026-03-16,14.66,nasa_power
2026-03-17,0.02,nasa_power
2026-03-18,0.06,nasa_power
2026-03-19,0.05,nasa_power
2026-03-20,0.04,nasa_power
2026-03-21,0.1,nasa_power
2026-03-22,15.4,nasa_power
2026-03-23,8.36,nasa_power
2026-03-24,1.66,nasa_power
2026-03-25,3.37,nasa_power
2026-03-26,2.39,nasa_power
2026-03-27,1.11,nasa_power
2026-03-28,8.58,nasa_power
2026-03-29,2.8,nasa_power
2026-03-30,0.9,nasa_power
2026-03-31,52.68,nasa_power
2026-04-01,0.0,nasa_power
2026-04-02,0.0,nasa_power
2026-04-03,0.0,nasa_power
2026-04-04,0.0,nasa_power
2026-04-05,0.0,nasa_power
2026-04-06,11.73,nasa_power
2026-04-07,9.68,nasa_power
2026-04-08,9.6,nasa_power
2026-04-09,2.89,nasa_power
2026-04-10,5.03,nasa_power
2026-04-11,0.95,nasa_power
2026-04-12,6.07,nasa_power
2026-04-13,27.61,nasa_power
2026-04-14,9.52,nasa_power
2026-04-15,6.41,nasa_power
2026-04-16,4.35,nasa_power
2026-04-17,9.34,nasa_power
2026-04-18,5.53,nasa_power
2026-04-19,2.1,nasa_power
2026-04-20,4.58,nasa_power
2026-04-21,4.53,nasa_power
2026-04-22,0.23,nasa_power
2026-04-23,4.28,nasa_power
2026-04-24,10.96,nasa_power
2026-04-25,1.86,nasa_power
2026-04-26,8.34,nasa_power
2026-04-27,0.65,nasa_power
2026-04-28,13.97,nasa_power
2026-04-29,6.84,nasa_power
2026-04-30,1.85,nasa_power
2026-05-01,16.1,nasa_power
2026-05-02,27.61,nasa_power
2026-05-03,31.81,nasa_power
2026-05-04,23.22,nasa_power
2026-05-05,6.28,nasa_power
2026-05-06,2.94,nasa_power
2026-05-07,1.93,nasa_power
2026-05-08,11.6,nasa_power
2026-05-09,7.42,nasa_power
2026-05-10,4.65,nasa_power
2026-05-11,1.16,nasa_power
2026-05-12,1.61,nasa_power
2026-05-13,3.25,nasa_power
2026-05-14,4.88,nasa_power
2026-05-15,12.51,nasa_power
2026-05-16,21.35,nasa_power
2026-05-17,20.95,nasa_power
2026-05-18,13.43,nasa_power
2026-05-19,8.16,nasa_power
2026-05-20,7.73,nasa_power
2026-05-21,9.14,nasa_power
2026-05-22,28.67,nasa_power
2026-05-23,8.24,nasa_power
2026-05-24,9.83,nasa_power
2026-05-25,11.16,nasa_power
2026-05-26,4.03,nasa_power
2026-05-27,0.25,nasa_power
2026-05-28,4.9,nasa_power
2026-05-29,5.68,nasa_power
2026-05-30,15.21,nasa_power
2026-05-31,12.89,nasa_power
2026-06-01,18.51,nasa_power
2026-06-02,16.29,nasa_power
2026-06-03,13.76,nasa_power
2026-06-04,10.12,nasa_power
2026-06-05,9.81,nasa_power
2026-06-06,24.41,nasa_power
2026-06-07,5.82,nasa_power
2026-06-08,1.29,nasa_power
2026-06-09,11.52,nasa_power
2026-06-10,22.24,nasa_power
2026-06-11,16.13,nasa_power
2026-06-12,14.12,nasa_power
2026-06-13,11.26,nasa_power
2026-06-14,9.14,nasa_power
2026-06-15,7.0,nasa_power
2026-06-16,0.76,nasa_power
2026-06-17,10.65,nasa_power
2026-06-18,9.42,nasa_power
2026-06-19,25.58,nasa_power
2026-06-20,31.1,nasa_power
2026-06-21,157.33,nasa_power
2026-06-22,32.52,nasa_power
2026-06-23,4.33,nasa_power
2026-06-24,5.32,nasa_power
2026-06-25,28.56,nasa_power
2026-06-26,67.11,nasa_power
2026-06-27,49.14,nasa_power
2026-06-28,110.69,nasa_power
2026-06-29,72.79,nasa_power
2026-06-30,4.84,nasa_power
2026-07-01,4.87,nasa_power
2026-07-02,8.8,nasa_power
2026-07-03,9.26,nasa_power
2026-07-04,6.65,nasa_power
2026-07-05,3.15,nasa_power
2026-07-06,3.12,nasa_power
2026-07-07,2.5,nasa_power
2026-07-08,3.93,nasa_power
2026-07-09,2.76,nasa_power
2026-07-10,1.74,nasa_power
2026-07-11,2.21,nasa_power
2026-07-12,4.45,nasa_power
2026-07-13,7.91,nasa_power
2026-07-14,6.59,nasa_power
2026-07-15,1.47,nasa_power
2026-07-16,1.55,nasa_power
2026-07-17,1.42,nasa_power
2026-07-18,0.5,nasa_power
2026-07-19,0.46,nasa_power
2026-07-20,0.52,nasa_power
2026-07-21,0.46,nasa_power
2026-07-22,0.89,nasa_power
2026-07-23,3.19,nasa_power
2026-07-24,4.02,nasa_power
2026-07-25,1.74,nasa_power
2026-07-26,1.57,nasa_power
2026-07-27,1.86,nasa_power
2026-07-28,1.37,nasa_power
2026-07-29,3.94,nasa_power
2026-07-30,1.46,nasa_power
2026-07-31,0.96,nasa_power
2026-08-01,1.99,nasa_power
2026-08-02,6.85,nasa_power
2026-08-03,2.15,nasa_power
2026-08-04,1.34,nasa_power
2026-08-05,8.3,nasa_power
2026-08-06,9.5,nasa_power
2026-08-07,2.98,nasa_power
2026-08-08,1.35,nasa_power
2026-08-09,4.29,nasa_power
2026-08-10,1.25,nasa_power
2026-08-11,5.47,nasa_power
2026-08-12,6.29,nasa_power
2026-08-13,4.3,nasa_power
2026-08-14,2.44,nasa_power
2026-08-15,4.29,nasa_power
2026-08-16,2.63,nasa_power
2026-08-17,5.35,nasa_power
2026-08-18,10.09,nasa_power
2026-08-19,11.34,nasa_power
2026-08-20,2.99,nasa_power
2026-08-21,3.8,nasa_power
2026-08-22,21.83,nasa_power
2026-08-23,13.6,nasa_power
2026-08-24,7.32,nasa_power
2026-08-25,3.15,nasa_power
2026-08-26,6.66,nasa_power
2026-08-27,8.51,nasa_power
2026-08-28,4.15,nasa_power
2026-08-29,25.68,nasa_power
2026-08-30,1.33,nasa_power
